--
-- PostgreSQL database dump
--

-- Dumped from database version 17.7 (Debian 17.7-3.pgdg13+1)
-- Dumped by pg_dump version 17.4

SET statement_timeout = 0;
SET lock_timeout = 0;
SET idle_in_transaction_session_timeout = 0;
SET transaction_timeout = 0;
SET client_encoding = 'UTF8';
SET standard_conforming_strings = on;
SELECT pg_catalog.set_config('search_path', '', false);
SET check_function_bodies = false;
SET xmloption = content;
SET client_min_messages = warning;
SET row_security = off;

--
-- Name: SCHEMA public; Type: COMMENT; Schema: -; Owner: pg_database_owner
--

COMMENT ON SCHEMA public IS '';


--
-- Name: DeflashingStatus; Type: TYPE; Schema: public; Owner: postgres
--

CREATE TYPE public."DeflashingStatus" AS ENUM (
    'PENDING',
    'DONE'
);


ALTER TYPE public."DeflashingStatus" OWNER TO postgres;

--
-- Name: ProductionType; Type: TYPE; Schema: public; Owner: postgres
--

CREATE TYPE public."ProductionType" AS ENUM (
    'HT',
    'HK'
);


ALTER TYPE public."ProductionType" OWNER TO postgres;

--
-- Name: QCStatus; Type: TYPE; Schema: public; Owner: postgres
--

CREATE TYPE public."QCStatus" AS ENUM (
    'PENDING',
    'DONE'
);


ALTER TYPE public."QCStatus" OWNER TO postgres;

--
-- Name: UserRole; Type: TYPE; Schema: public; Owner: postgres
--

CREATE TYPE public."UserRole" AS ENUM (
    'ADMIN',
    'QC',
    'WAREHOUSE',
    'DEFLASHING'
);


ALTER TYPE public."UserRole" OWNER TO postgres;

SET default_tablespace = '';

SET default_table_access_method = heap;

--
-- Name: AfterOQCLog; Type: TABLE; Schema: public; Owner: postgres
--

CREATE TABLE public."AfterOQCLog" (
    id text NOT NULL,
    "afterOQCId" text NOT NULL,
    "okQty" integer DEFAULT 0 NOT NULL,
    "ngQty" integer DEFAULT 0 NOT NULL,
    "spareQty" integer DEFAULT 0 NOT NULL,
    "responsiblePerson" character varying(100),
    "createdAt" timestamp(3) without time zone DEFAULT CURRENT_TIMESTAMP NOT NULL
);


ALTER TABLE public."AfterOQCLog" OWNER TO postgres;

--
-- Name: AfterOQCTransaction; Type: TABLE; Schema: public; Owner: postgres
--

CREATE TABLE public."AfterOQCTransaction" (
    id text NOT NULL,
    date timestamp(3) without time zone DEFAULT CURRENT_TIMESTAMP NOT NULL,
    "computerCode" character varying(50) NOT NULL,
    "partNo" character varying(50) NOT NULL,
    "productName" character varying(255) NOT NULL,
    "beforeQty" integer NOT NULL,
    "afterQty" integer DEFAULT 0 NOT NULL,
    "ngQty" integer DEFAULT 0 NOT NULL,
    "spareQty" integer DEFAULT 0 NOT NULL,
    status public."QCStatus" DEFAULT 'PENDING'::public."QCStatus" NOT NULL,
    "responsiblePerson" character varying(100),
    "incomingId" text,
    "createdAt" timestamp(3) without time zone DEFAULT CURRENT_TIMESTAMP NOT NULL,
    "updatedAt" timestamp(3) without time zone NOT NULL,
    source character varying(20) DEFAULT 'INCOMING'::character varying NOT NULL,
    batch character varying(50)
);


ALTER TABLE public."AfterOQCTransaction" OWNER TO postgres;

--
-- Name: Deflashing; Type: TABLE; Schema: public; Owner: postgres
--

CREATE TABLE public."Deflashing" (
    id text NOT NULL,
    "computerCode" text NOT NULL,
    "partNo" text NOT NULL,
    "productName" text NOT NULL,
    "qtyIn" integer NOT NULL,
    "createdAt" timestamp(3) without time zone DEFAULT CURRENT_TIMESTAMP NOT NULL,
    "productionType" public."ProductionType" DEFAULT 'HT'::public."ProductionType" NOT NULL,
    "completedAt" timestamp(3) without time zone,
    "incomingBy" text NOT NULL,
    "processedBy" text,
    status public."DeflashingStatus" DEFAULT 'PENDING'::public."DeflashingStatus" NOT NULL,
    "incomingDate" timestamp(3) without time zone DEFAULT CURRENT_TIMESTAMP NOT NULL,
    "processedQty" integer DEFAULT 0 NOT NULL,
    "incomingId" text NOT NULL,
    "batchNo" character varying(50)
);


ALTER TABLE public."Deflashing" OWNER TO postgres;

--
-- Name: DeflashingProcessLog; Type: TABLE; Schema: public; Owner: postgres
--

CREATE TABLE public."DeflashingProcessLog" (
    id text NOT NULL,
    "deflashingId" text NOT NULL,
    "qtyOut" integer NOT NULL,
    "ngQty" integer NOT NULL,
    "spareQty" integer NOT NULL,
    "processedBy" text NOT NULL,
    "processedAt" timestamp(3) without time zone DEFAULT CURRENT_TIMESTAMP NOT NULL,
    "batchNo" character varying(50)
);


ALTER TABLE public."DeflashingProcessLog" OWNER TO postgres;

--
-- Name: IncomingTransaction; Type: TABLE; Schema: public; Owner: postgres
--

CREATE TABLE public."IncomingTransaction" (
    id text NOT NULL,
    date timestamp(3) without time zone DEFAULT CURRENT_TIMESTAMP NOT NULL,
    "computerCode" character varying(50) NOT NULL,
    "partNo" character varying(50) NOT NULL,
    "productName" character varying(255) NOT NULL,
    "incomingQty" integer DEFAULT 0 NOT NULL,
    "outgoingQty" integer DEFAULT 0 NOT NULL,
    balance integer DEFAULT 0 NOT NULL,
    batch character varying(50),
    "responsiblePerson" character varying(100) NOT NULL,
    "createdAt" timestamp(3) without time zone DEFAULT CURRENT_TIMESTAMP NOT NULL,
    "updatedAt" timestamp(3) without time zone NOT NULL,
    "remainingQty" integer,
    status text DEFAULT 'OPEN'::text
);


ALTER TABLE public."IncomingTransaction" OWNER TO postgres;

--
-- Name: OutgoingTransaction; Type: TABLE; Schema: public; Owner: postgres
--

CREATE TABLE public."OutgoingTransaction" (
    id text NOT NULL,
    date timestamp(3) without time zone DEFAULT CURRENT_TIMESTAMP NOT NULL,
    "qtyOut" integer NOT NULL,
    "responsiblePerson" character varying(100) NOT NULL,
    "createdAt" timestamp(3) without time zone DEFAULT CURRENT_TIMESTAMP NOT NULL,
    "updatedAt" timestamp(3) without time zone NOT NULL,
    "computerCode" character varying(50),
    "partNo" character varying(50),
    "productName" character varying(255),
    remark character varying(255)
);


ALTER TABLE public."OutgoingTransaction" OWNER TO postgres;

--
-- Name: Product; Type: TABLE; Schema: public; Owner: postgres
--

CREATE TABLE public."Product" (
    id text NOT NULL,
    "computerCode" character varying(50) NOT NULL,
    "partNo" character varying(50) NOT NULL,
    "productName" character varying(255) NOT NULL,
    "productionType" public."ProductionType" DEFAULT 'HT'::public."ProductionType" NOT NULL,
    location character varying(100),
    "initialStock" integer DEFAULT 0 NOT NULL,
    "createdAt" timestamp(3) without time zone DEFAULT CURRENT_TIMESTAMP NOT NULL,
    "updatedAt" timestamp(3) without time zone NOT NULL
);


ALTER TABLE public."Product" OWNER TO postgres;

--
-- Name: User; Type: TABLE; Schema: public; Owner: postgres
--

CREATE TABLE public."User" (
    id text NOT NULL,
    username text NOT NULL,
    password text NOT NULL,
    "createdAt" timestamp(3) without time zone DEFAULT CURRENT_TIMESTAMP NOT NULL,
    "updatedAt" timestamp(3) without time zone NOT NULL,
    role public."UserRole" DEFAULT 'WAREHOUSE'::public."UserRole" NOT NULL
);


ALTER TABLE public."User" OWNER TO postgres;

--
-- Name: _prisma_migrations; Type: TABLE; Schema: public; Owner: postgres
--

CREATE TABLE public._prisma_migrations (
    id character varying(36) NOT NULL,
    checksum character varying(64) NOT NULL,
    finished_at timestamp with time zone,
    migration_name character varying(255) NOT NULL,
    logs text,
    rolled_back_at timestamp with time zone,
    started_at timestamp with time zone DEFAULT now() NOT NULL,
    applied_steps_count integer DEFAULT 0 NOT NULL
);


ALTER TABLE public._prisma_migrations OWNER TO postgres;

--
-- Data for Name: AfterOQCLog; Type: TABLE DATA; Schema: public; Owner: postgres
--

COPY public."AfterOQCLog" (id, "afterOQCId", "okQty", "ngQty", "spareQty", "responsiblePerson", "createdAt") FROM stdin;
cmmn716t000032cd8j432jcup	cmmn716p200012cd85njfkrbe	4960	0	0	FEBRY	2026-03-12 08:15:56.341
cmmn72f7r0003tej6n0aiwde0	cmmn72f3o0001tej6u730wiip	1000	0	0	FEBRY	2026-03-12 08:16:53.895
cmmn740jo0007tej64b0lf32v	cmmn740fr0005tej6xftekrso	1000	0	0	FEBRY	2026-03-12 08:18:08.196
cmmn74il30003644xaallthod	cmmn74ih60001644xqrpvn5mg	1450	0	0	FEBRY	2026-03-12 08:18:31.576
cmmn7517v0007644x359b09gn	cmmn7515w0005644x9n8sqfr8	982	0	0	FEBRY	2026-03-12 08:18:55.723
cmmn75i22000b644x8dsf7bbl	cmmn75hy20009644xupweeytx	14409	0	0	FEBRY	2026-03-12 08:19:17.546
cmmn761rz000btej6eqfe4dyq	cmmn761pz0009tej699e07zyw	9400	0	0	FEBRY	2026-03-12 08:19:43.103
cmmn78jif000f644xhflmkfbd	cmmn78jge000d644x6o1odut6	10529	0	0	FEBRY	2026-03-12 08:21:39.399
cmmn7941f000ftej6caogly5n	cmmn793xg000dtej6ohecw92u	2140	0	0	FEBRY	2026-03-12 08:22:06.004
cmmn79nfr000j644xhumq56wb	cmmn79ndq000h644x5jebie4q	70	0	0	FEBRY	2026-03-12 08:22:31.143
cmmn7abpq000jtej6s7ktbwly	cmmn7abno000htej681zi8wvg	2000	0	0	FEBRY	2026-03-12 08:23:02.606
cmmn7at6p000n644xx0icjb1n	cmmn7at4o000l644xr8lv3mim	2455	0	0	FEBRY	2026-03-12 08:23:25.249
cmmn7bm0b0003ogw6qlgqv79f	cmmn7blwd0001ogw6d122i4nr	38300	0	945	FEBRY	2026-03-12 08:24:02.603
cmmn7czq90003o4yrrm7snn04	cmmn7czm90001o4yrdkrykij2	45000	0	1492	FEBRY	2026-03-12 08:25:07.041
cmmn7dlyt0003i216jlrnkt2v	cmmn7dlut0001i216gg2t913s	500	0	0	FEBRY	2026-03-12 08:25:35.861
cmmn7e85c0007o4yrvvotcy3y	cmmn7e83b0005o4yr7rbuaxpj	1000	0	0	FEBRY	2026-03-12 08:26:04.609
cmmn7er7i0007i2164ija101v	cmmn7er5i0005i216gl35kysx	10000	0	0	FEBRY	2026-03-12 08:26:29.311
cmmn7fclj000bi216kqzchgsz	cmmn7fcji0009i216tn1r4int	17000	0	264	FEBRY	2026-03-12 08:26:57.031
cmmn7fufn000fi216tgl5z66l	cmmn7fubp000di216n2nvx1tm	2000	0	0	FEBRY	2026-03-12 08:27:20.148
cmmn7gecc000bo4yr2ut2grap	cmmn7geab0009o4yr7xm505sc	12000	0	195	FEBRY	2026-03-12 08:27:45.948
cmmn7h304000ji216cgh1ulsr	cmmn7h2y3000hi216kf7y2dj9	12000	0	390	FEBRY	2026-03-12 08:28:17.908
cmmn7ic75000ni216v6737hdh	cmmn7ic55000li216ezvqetqp	14000	0	226	FEBRY	2026-03-12 08:29:16.482
cmmn7ixjn000fo4yr0r2fsqv2	cmmn7ixfp000do4yrxb0tb53z	12500	0	0	FEBRY	2026-03-12 08:29:44.147
cmmn7js9h000ri216agd219an	cmmn7js5j000pi216ku4hm5jj	5000	0	0	FEBRY	2026-03-12 08:30:23.957
cmmn7kr24000vi2164c6ylowg	cmmn7kr03000ti216nqe4yjgi	15000	0	219	FEBRY	2026-03-12 08:31:09.052
cmmn7l6vk000jo4yr9l1cc6u8	cmmn7l6ti000ho4yrizxowwr2	4000	0	0	FEBRY	2026-03-12 08:31:29.552
cmmn7lwi9000zi2167hx1dhi7	cmmn7lwg9000xi216p8mi288q	6000	0	0	FEBRY	2026-03-12 08:32:02.769
cmmn7mf1z000no4yriojekc8m	cmmn7mf01000lo4yr658v6s3k	4000	0	0	FEBRY	2026-03-12 08:32:26.808
cmmn7n5yu0013i2163ormrczt	cmmn7n5wu0011i216xar4u6l4	2523	0	0	FEBRY	2026-03-12 08:33:01.687
cmmn7o3ec000ro4yrviuik9xn	cmmn7o3cb000po4yr4f4tr7ki	2948	0	0	FEBRY	2026-03-12 08:33:45.013
cmmn7owph0017i2168rb4hbvq	cmmn7owng0015i2163a371naw	343070	0	0	FEBRY	2026-03-12 08:34:22.997
cmmn7qdh2000vo4yrvdzxm8ju	cmmn7qdd4000to4yr8nsalo05	36919	0	0	FEBRY	2026-03-12 08:35:31.382
cmmn7r35v001bi216in2c9dxe	cmmn7r31w0019i216jgaet9rs	21400	0	0	FEBRY	2026-03-12 08:36:04.676
cmmn7t41w000zo4yrbwavf8m8	cmmn7t3zx000xo4yrfk4dq2pu	4600	0	0	FEBRY	2026-03-12 08:37:39.14
cmmn7tohu001fi216pn27dtab	cmmn7tofv001di2162d2obm74	18868	0	0	FEBRY	2026-03-12 08:38:05.634
cmmn7u6280013o4yrmhyveapg	cmmn7u6090011o4yrtquuywqb	3600	0	0	FEBRY	2026-03-12 08:38:28.4
cmmn7uumh001ji216hkcqq4t3	cmmn7uuki001hi2163isfi1x3	3271	0	0	FEBRY	2026-03-12 08:39:00.233
cmmn7z0820017o4yrvqxxc0xm	cmmn7yzqa0015o4yruk3qesen	3557	0	0	FEBRY	2026-03-12 08:42:13.619
cmmn802yr001ni216t3u0bxpv	cmmn802uu001li216ju7sr9kp	5870	121	0	FEBRY/HERI	2026-03-12 08:43:04.324
cmmn8194f001ri216h5dg2klz	cmmn8192d001pi216r7dkze27	3010	0	0	FEBRY	2026-03-12 08:43:58.959
cmmn81sh2001bo4yrjzb0af5q	cmmn81sd20019o4yrx6lki3xt	40000	0	0	FEBRY	2026-03-12 08:44:24.039
cmmn8ibpb0003x8yz29rpqxrx	cmmn8ibl80001x8yzu1y4fz1a	14500	0	120	FEBRY	2026-03-12 08:57:15.455
cmmn8xg470003hoqo1xo3ky3z	cmmn8xg070001hoqowqt1slk3	1000	0	0	FEBRY	2026-03-12 09:09:01.016
cmmn8y0ge0007hoqo9aao6zts	cmmn8y0ed0005hoqo6aqit92c	6000	0	19	FEBRY	2026-03-12 09:09:27.374
cmmn8yhyq0003q3d2zx2yzdql	cmmn8yhus0001q3d28sr84ftz	4000	0	0	FEBRY	2026-03-12 09:09:50.067
cmmn9043y000bhoqo7v4d7agu	cmmn9041w0009hoqo00rcemzl	4108	0	0	FEBRY	2026-03-12 09:11:05.422
cmmn91ln70007q3d2ct7c9zls	cmmn91ll80005q3d2x5sxzjq6	2000	0	0	FEBRY	2026-03-12 09:12:14.804
cmmn92ay1000fhoqoqf3fkn6v	cmmn92aw0000dhoqoqsbgocaa	7000	0	0	FEBRY	2026-03-12 09:12:47.594
cmmn92zhf000bq3d267h3vcqt	cmmn92zff0009q3d219vtkpxc	7602	0	0	FEBRY	2026-03-12 09:13:19.395
cmmn93k3o000jhoqo579pb6li	cmmn93k1o000hhoqo5fc9ub2q	10729	0	0	FEBRY	2026-03-12 09:13:46.117
cmmn94111000fq3d2cd3ayd9w	cmmn940z2000dq3d20br0czsn	122	0	0	FEBRY	2026-03-12 09:14:08.054
cmmn94r2l000nhoqo8uypzs2z	cmmn94qyk000lhoqoel7fnaxb	2000	0	0	FEBRY	2026-03-12 09:14:41.805
cmmn95gqw000jq3d2hxhgcim1	cmmn95gmy000hq3d2k3hyotuj	12012	0	0	FEBRY	2026-03-12 09:15:15.081
cmmn96ffl000rhoqoqdgun9n5	cmmn96fdh000phoqo1h44x50m	20115	0	0	FEBRY	2026-03-12 09:16:00.034
cmmn96xug000nq3d2dnxye6by	cmmn96xsh000lq3d2n5f7uiug	165	0	0	FEBRY	2026-03-12 09:16:23.896
cmmn97fkc000vhoqo2fvvtou3	cmmn97fic000thoqoi99bpocs	2000	0	40	FEBRY	2026-03-12 09:16:46.86
cmmn981bp000rq3d2hg0qvxpo	cmmn9819q000pq3d2u618x2lw	2000	0	3	FEBRY	2026-03-12 09:17:15.061
cmmn98hwp000zhoqo5mvpvlp2	cmmn98huk000xhoqotzam403h	4000	0	75	FEBRY	2026-03-12 09:17:36.554
cmmn9du6z000vq3d2jy05f6cz	cmmn9du2y000tq3d2h37ermrh	5402	0	0	FEBRY	2026-03-12 09:21:45.755
cmmn9gimv00031423wzfc5mpj	cmmn9giit00011423h3doqziv	1500	0	17	FEBRY	2026-03-12 09:23:50.743
cmmn9h0b800071423bkl2suy2	cmmn9h09600051423wkr3v47s	3982	0	0	FEBRY	2026-03-12 09:24:13.652
cmmn9hu0d000b1423x8rum99o	cmmn9htyb00091423buqtf4hl	66000	0	0	FEBRY	2026-03-12 09:24:52.142
cmmn9ias00004nt494ivh9t7b	cmmn9iao20002nt49tmfjuw4o	2000	0	0	FEBRY	2026-03-12 09:25:13.873
cmmn9iye4000f1423mdsmvd0x	cmmn9iyc3000d1423ye1vzoai	102000	0	1527	FEBRY	2026-03-12 09:25:44.476
cmmn9jexy0008nt49z9vqxq8f	cmmn9jevz0006nt49ih6nc5z7	4000	0	93	FEBRY	2026-03-12 09:26:05.926
cmmn9jywz000j1423uc9lx5dw	cmmn9jyuy000h1423dsq3xxy8	5000	0	195	FEBRY	2026-03-12 09:26:31.812
cmmn9kpoo000cnt49gt54msj2	cmmn9kpmp000ant49i7q2melm	10000	0	193	FEBRY	2026-03-12 09:27:06.504
cmmn9m2jj000n1423sy9zve9w	cmmn9m2fg000l1423dqf66ahy	19400	0	50	FEBRY	2026-03-12 09:28:09.824
cmmn9mmfw000gnt49hmeet7sq	cmmn9mmbw000ent498zt2bo50	20000	0	0	FEBRY	2026-03-12 09:28:35.613
cmmn9n56j000r1423gf6xgf9d	cmmn9n54h000p1423gv1kokmd	15878	0	0	FEBRY	2026-03-12 09:28:59.899
cmmn9nmxd000v1423yr456tcw	cmmn9nmvb000t1423w60d8f9n	3926	0	0	FEBRY	2026-03-12 09:29:22.898
cmmn9oabd000knt49km0d4i9n	cmmn9oa9c000int49ohxpza7k	520	0	0	FEBRY	2026-03-12 09:29:53.21
cmmn9ot56000z1423r5nqjf6i	cmmn9ot34000x1423r8zf8t98	90680	0	0	FEBRY	2026-03-12 09:30:17.61
cmmn9pelf000ont49w17o5hl0	cmmn9peje000mnt49how0t12u	16981	0	0	FEBRY	2026-03-12 09:30:45.412
cmmn9q0w700131423x08rwghn	cmmn9q0u5001114239tmn1jlt	3500	0	0	FEBRY	2026-03-12 09:31:14.311
cmmn9rt65001714236t08kv0e	cmmn9rt4400151423jhdcmfp0	8000	0	200	FEBRY	2026-03-12 09:32:37.614
cmmn9qq7l000snt498cyv2c7x	cmmn9qq5k000qnt49iouli2nv	2464	0	38	FEBRY	2026-03-12 09:31:47.121
cmmn9sac1000wnt49zpbs8yol	cmmn9sa9z000unt49qs3dqhi5	6100	0	104	FEBRY	2026-03-12 09:32:59.857
cmmn9syqu001b1423w9mmdtle	cmmn9symr001914236utuqd8v	15000	0	225	FEBRY	2026-03-12 09:33:31.494
cmmn9tznm0010nt4946xt8gf8	cmmn9tzjq000ynt49qze7lpdu	22000	0	0	FEBRY	2026-03-12 09:34:19.331
cmmn9utt0001f1423scb2dgpd	cmmn9utqz001d14233vku9tpp	35	0	0	FEBRY	2026-03-12 09:34:58.405
cmmn9vbfi001j1423f88sizrm	cmmn9vbdg001h1423bsxwh61r	230	0	0	FEBRY	2026-03-12 09:35:21.246
cmmn9vpde0014nt49os2u4elq	cmmn9vpbf0012nt49su6iyc34	315	0	0	FEBRY	2026-03-12 09:35:39.314
cmmn9w7r2001n14233rw09kqz	cmmn9w7p1001l14235ax56tlw	10	0	0	FEBRY	2026-03-12 09:36:03.135
cmmn9yn1h001r1423x1k9nhot	cmmn9ymzf001p14231ghi6jlq	25	0	0	FEBRY	2026-03-12 09:37:56.261
cmmn9z6hz001v14231nn7puzu	cmmn9z6fy001t14232k4zdsao	120	0	0	FEBRY	2026-03-12 09:38:21.479
cmmn9zo4h0018nt49ogesrxzb	cmmn9zo0j0016nt49jc4ae4sd	75	0	0	FEBRY	2026-03-12 09:38:44.322
cmmna06z4001z14236x5mx08g	cmmna06v6001x1423e2ow1qr6	100	0	0	FEBRY	2026-03-12 09:39:08.753
cmmna0tii001cnt49cs2jdddo	cmmna0tgi001ant49hanm90ns	30	0	0	FEBRY	2026-03-12 09:39:37.963
cmmna16s4002314238gh4l8xp	cmmna16q300211423roa7qy16	220	0	0	FEBRY	2026-03-12 09:39:55.156
cmmna1nm0001gnt49u5p33sht	cmmna1nk0001ent49ljyoilq4	60	0	0	FEBRY	2026-03-12 09:40:16.968
cmmna266q00271423mqjgszl4	cmmna264p0025142319awz0r3	1190	0	0	FEBRY	2026-03-12 09:40:41.043
cmmna2m7q001knt49vvd8a13r	cmmna2m5q001int49hirxp0qb	270	0	0	FEBRY	2026-03-12 09:41:01.815
cmmnad035001ont494k9iipza	cmmnaczz8001mnt49wiq18wa5	175	0	0	FEBRY	2026-03-12 09:49:06.354
cmmnaddzp001snt49k7096l2c	cmmnaddwe001qnt49ovasouic	1020	0	0	FEBRY	2026-03-12 09:49:24.374
cmmnadxha0003140rtshsklpl	cmmnadxdc0001140rr4pbn00z	495	0	0	FEBRY	2026-03-12 09:49:49.63
cmmnagw12001wnt49vt0h67vp	cmmnagvz3001unt49ajcqbuts	3000	0	0	FEBRY	2026-03-12 09:52:07.718
cmmnahoqk0007140ro6a6hb15	cmmnahooj0005140r6bq9qfb2	470	0	0	FEBRY	2026-03-12 09:52:44.924
cmmnai8am0020nt49498pxarj	cmmnai88o001ynt49fn2lyz8k	120	0	0	FEBRY	2026-03-12 09:53:10.271
cmmnaip5y000b140rb0q5ykfd	cmmnaip3z0009140rrt5eqpgm	28	0	0	FEBRY	2026-03-12 09:53:32.134
cmmo7ioot0003u8zhovg1cpx1	cmmo7iokr0001u8zhoyhjcl02	550	0	0	FEBRY	2026-03-13 01:17:18.845
cmmo7j7h00003u641qcfw7amz	cmmo7j7d30001u641t2nnw4wg	5070	0	0	FEBRY	2026-03-13 01:17:43.189
cmmo7jzbc0007u8zh1idvxpue	cmmo7jz9c0005u8zhf39g2foc	70	0	0	FEBRY	2026-03-13 01:18:19.273
cmmo7kh38000bu8zhrh6fxxw1	cmmo7kgza0009u8zh4mo6yhmh	223	0	0	FEBRY	2026-03-13 01:18:42.309
cmmo7l178000fu8zhns8n0315	cmmo7l158000du8zhtqqly31g	7000	0	190	FEBRY	2026-03-13 01:19:08.373
cmmo7mc0t0007u641fmnabuxw	cmmo7mbyu0005u641ks14223v	2000	0	0	FEBRY	2026-03-13 01:20:09.053
cmmo7nzkd000ju8zh8ywxullu	cmmo7nzid000hu8zhezxwn3ch	1500	0	0	FEBRY	2026-03-13 01:21:26.222
cmmo7oss7000bu641kjzfvyv1	cmmo7oso80009u6414k21hbwd	789	11	0	FEBRY	2026-03-13 01:22:04.087
cmmo7pfvx000nu8zh32y0fhmv	cmmo7pfty000lu8zhp1mrl6qp	1832	0	0	FEBRY	2026-03-13 01:22:34.03
cmmo7xvfz000vu8zh43oj2wda	cmmo7xvc2000tu8zhl91iy1jq	3992	0	78	FEBRY	2026-03-13 01:29:07.44
cmmo7z01v000zu8zheh866v0o	cmmo7yzzy000xu8zh556avti2	54000	0	653	FEBRY	2026-03-13 01:30:00.068
cmmo7zgcd0013u8zh8mbg65jz	cmmo7zgae0011u8zh16jrsktc	2000	0	53	FEBRY	2026-03-13 01:30:21.182
cmmo7zwww000fu641t1ee8j62	cmmo7zwsw000du641dk10fluv	15000	0	15	FEBRY	2026-03-13 01:30:42.657
cmmo80uhu000ju641zvjqimei	cmmo80ufu000hu641v26wdz33	1975	12	0	FEBRY	2026-03-13 01:31:26.179
cmmo82o180017u8zh3y1uiar8	cmmo82nz90015u8zhsjfzab9o	8700	0	160	FEBRY	2026-03-13 01:32:51.116
cmmo84caw001bu8zh130tyz40	cmmo84c6z0019u8zhg7zsmt8j	1000	0	0	FEBRY	2026-03-13 01:34:09.224
cmmo8738i000nu641g6x9vieb	cmmo8734k000lu6410mp17np3	260	0	0	FEBRY	2026-03-13 01:36:17.442
cmmo8ae7h000ru641a2lzd72v	cmmo8ae5f000pu64105x6deau	1403	0	0	FEBRY	2026-03-13 01:38:51.63
cmmo8d71t001fu8zh8g1twtn2	cmmo8d6xw001du8zhn819q3sc	220	0	0	FEBRY	2026-03-13 01:41:02.322
cmmo8dofs000vu64111f2dbwn	cmmo8dobx000tu641zpdpytl6	3310	0	0	FEBRY	2026-03-13 01:41:24.856
cmmo8eero001ju8zha66bvue5	cmmo8eepp001hu8zhxsv4dk2r	95	0	0	FEBRY	2026-03-13 01:41:58.98
cmmokjdun000312y38ko7uy8r	cmmokjdqu000112y34n6qnsac	0	0	0	FEBRY	2026-03-13 07:21:46.464
cmmom20680003bf08uscg24oa	cmmom20270001bf08phxf8oie	1000	0	0	FEBRY	2026-03-13 08:04:14.816
cmmom4kjd0007bf08zbvvvv67	cmmom4kfa0005bf08nm1l3q1u	16000	0	0	FEBRY	2026-03-13 08:06:14.521
cmmom5joi0003rgw031wcgfio	cmmom5jkh0001rgw0v0m0tzd3	15000	0	0	CINCE	2026-03-13 08:07:00.067
cmmom62lj0007rgw021hu1es8	cmmom62jg0005rgw0vxos0efc	16000	0	0	CINCE	2026-03-13 08:07:24.584
cmmom7lo2000brgw0t827b406	cmmom7lm20009rgw0v3k3tyz2	0	0	0	FEBRY	2026-03-13 08:08:35.954
cmmoorgg20003i2sa51lyteo7	cmmoorgc40001i2sao0z9pk96	0	0	0	FEBRY	2026-03-13 09:20:01.538
cmmoov1vj0005i2sawshgok4a	cmmokjdqu000112y34n6qnsac	46712	0	0	CINCE	2026-03-13 09:22:49.279
cmmoovxwn0007i2sa5mhlx3ch	cmmokjdqu000112y34n6qnsac	9288	0	777	CINCE	2026-03-13 09:23:30.792
\.


--
-- Data for Name: AfterOQCTransaction; Type: TABLE DATA; Schema: public; Owner: postgres
--

COPY public."AfterOQCTransaction" (id, date, "computerCode", "partNo", "productName", "beforeQty", "afterQty", "ngQty", "spareQty", status, "responsiblePerson", "incomingId", "createdAt", "updatedAt", source, batch) FROM stdin;
cmmn716p200012cd85njfkrbe	2026-03-12 08:15:56.129	RRU14171400R5T	PF11917-5T	Water Pump Mount Rubber	0	4960	0	0	DONE	FEBRY	\N	2026-03-12 08:15:56.129	2026-03-12 08:15:56.129	INCOMING	27
cmmn72f3o0001tej6u730wiip	2026-03-12 08:16:53.746	RRU09193900R5T	PF06680-5T	RUBBER FOOT FRONT LEFT	0	1000	0	0	DONE	FEBRY	\N	2026-03-12 08:16:53.746	2026-03-12 08:16:53.746	INCOMING	27
cmmn740fr0005tej6xftekrso	2026-03-12 08:18:07.986	RRU09192100R5T	PF06683-5T	RUBBER FOOT FRONT RIGHT	0	1000	0	0	DONE	FEBRY	\N	2026-03-12 08:18:07.986	2026-03-12 08:18:07.986	INCOMING	27
cmmn74ih60001644xqrpvn5mg	2026-03-12 08:18:31.365	RRU15612300DW5T	S09259-5T	INTERNAL CWT SEAL	0	1450	0	0	DONE	FEBRY	\N	2026-03-12 08:18:31.365	2026-03-12 08:18:31.365	INCOMING	27
cmmn7515w0005644x9n8sqfr8	2026-03-12 08:18:55.583	RRU08066200R5T	PF04987-5T	Pump Mount Rubber	0	982	0	0	DONE	FEBRY	\N	2026-03-12 08:18:55.583	2026-03-12 08:18:55.583	INCOMING	27
cmmn75hy20009644xupweeytx	2026-03-12 08:19:17.332	RRU14886000DW5T	PF12012-5T	Gasket Entrance Needle	0	14409	0	0	DONE	FEBRY	\N	2026-03-12 08:19:17.332	2026-03-12 08:19:17.332	INCOMING	27
cmmn761pz0009tej699e07zyw	2026-03-12 08:19:42.963	RRU17338100D5T	PF07055-5T	PANEL SEAL SILICONE	0	9400	0	0	DONE	FEBRY	\N	2026-03-12 08:19:42.963	2026-03-12 08:19:42.963	INCOMING	30
cmmn78jge000d644x6o1odut6	2026-03-12 08:21:39.255	RRU03088800H5T	34276-5T	OIL RESISTANT RUBBER	0	10529	0	0	DONE	FEBRY	\N	2026-03-12 08:21:39.255	2026-03-12 08:21:39.255	INCOMING	30
cmmn793xg000dtej6ohecw92u	2026-03-12 08:22:05.36	RRU03009900D5T	33825-5T	BUTTON PAD OIL RESISTANCE	0	2140	0	0	DONE	FEBRY	\N	2026-03-12 08:22:05.36	2026-03-12 08:22:05.36	INCOMING	30
cmmn79ndq000h644x5jebie4q	2026-03-12 08:22:31.07	RRU16703500D5T	D24895-5T	OIL RESISTANCE RUBBER	0	70	0	0	DONE	FEBRY	\N	2026-03-12 08:22:31.07	2026-03-12 08:22:31.07	INCOMING	30
cmmn7abno000htej681zi8wvg	2026-03-12 08:23:02.463	RRU08072500R5T	PF05020-5T	GRILL RUBBER GROMMETS	0	2000	0	0	DONE	FEBRY	\N	2026-03-12 08:23:02.463	2026-03-12 08:23:02.463	INCOMING	31
cmmn7at4o000l644xr8lv3mim	2026-03-12 08:23:25.106	RRU15105200D5T	PF12866-5T	LCD Lens Cover Sealing	0	2455	0	0	DONE	FEBRY	\N	2026-03-12 08:23:25.106	2026-03-12 08:23:25.106	INCOMING	27
cmmn7blwd0001ogw6d122i4nr	2026-03-12 08:24:02.459	RRU14885000DW5T	PF13766-5T KCC	Safety Valve O-Ring	0	38300	0	945	DONE	FEBRY	\N	2026-03-12 08:24:02.459	2026-03-12 08:24:02.459	INCOMING	27
cmmn7czm90001o4yrdkrykij2	2026-03-12 08:25:06.827	RRU17341500DW5T	PF08496-5T	Piston Silicone Rubber	0	45000	0	1492	DONE	FEBRY	\N	2026-03-12 08:25:06.827	2026-03-12 08:25:06.827	INCOMING	27
cmmn7dlut0001i216gg2t913s	2026-03-12 08:25:35.647	RRU09193900R5T	PF06680-5T	RUBBER FOOT FRONT LEFT	0	500	0	0	DONE	FEBRY	\N	2026-03-12 08:25:35.647	2026-03-12 08:25:35.647	INCOMING	27
cmmn7e83b0005o4yr7rbuaxpj	2026-03-12 08:26:04.465	RRU09192200R5T	PF06681-5T	RUBBER FOOT BACK LEFT	0	1000	0	0	DONE	FEBRY	\N	2026-03-12 08:26:04.465	2026-03-12 08:26:04.465	INCOMING	27
cmmn7er5i0005i216gl35kysx	2026-03-12 08:26:29.168	RRU17339600DW5T	PF05044-5T	PUMP INLET TUBE	0	10000	0	0	DONE	FEBRY	\N	2026-03-12 08:26:29.168	2026-03-12 08:26:29.168	INCOMING	27
cmmn7fcji0009i216tn1r4int	2026-03-12 08:26:56.888	RRU17340200D5T	PF07330-5T	Drip Tray Rubber Foot	0	17000	0	264	DONE	FEBRY	\N	2026-03-12 08:26:56.888	2026-03-12 08:26:56.888	INCOMING	27
cmmn7fubp000di216n2nvx1tm	2026-03-12 08:27:19.935	RRU14218000RW5T	PF11919-5T	Pump Inlet Tube	0	2000	0	0	DONE	FEBRY	\N	2026-03-12 08:27:19.935	2026-03-12 08:27:19.935	INCOMING	30
cmmn7geab0009o4yr7xm505sc	2026-03-12 08:27:45.804	RRU17339300DW5T	PF05017-5T	TANK VALVE GASKET	0	12000	0	195	DONE	FEBRY	\N	2026-03-12 08:27:45.804	2026-03-12 08:27:45.804	INCOMING	30
cmmn7h2y3000hi216kf7y2dj9	2026-03-12 08:28:17.765	RRU11627100RW5T	S03815-5T	O-Ring B For Adapter	0	12000	0	390	DONE	FEBRY	\N	2026-03-12 08:28:17.765	2026-03-12 08:28:17.765	INCOMING	30
cmmn7ic55000li216ezvqetqp	2026-03-12 08:29:16.339	RRU17340200D5T	PF07330-5T	Drip Tray Rubber Foot	0	14000	0	226	DONE	FEBRY	\N	2026-03-12 08:29:16.339	2026-03-12 08:29:16.339	INCOMING	30
cmmn7ixfp000do4yrxb0tb53z	2026-03-12 08:29:43.439	RRU08066200R5T	PF04987-5T	Pump Mount Rubber	0	12500	0	0	DONE	FEBRY	\N	2026-03-12 08:29:43.439	2026-03-12 08:29:43.439	INCOMING	30
cmmn7js5j000pi216ku4hm5jj	2026-03-12 08:30:23.745	RRU08065900RW5T	PF04990-5T	Safety Valve O-Ring	0	5000	0	0	DONE	FEBRY	\N	2026-03-12 08:30:23.745	2026-03-12 08:30:23.745	INCOMING	27
cmmn7kr03000ti216nqe4yjgi	2026-03-12 08:31:08.91	RRU17340100D5T	PF05672-5T	LED O-Ring	0	15000	0	219	DONE	FEBRY	\N	2026-03-12 08:31:08.91	2026-03-12 08:31:08.91	INCOMING	30
cmmn7l6ti000ho4yrizxowwr2	2026-03-12 08:31:29.409	RRU09366900R5T	PF06613-5T	RUBBER RING OIL RESISTANT	0	4000	0	0	DONE	FEBRY	\N	2026-03-12 08:31:29.409	2026-03-12 08:31:29.409	INCOMING	30
cmmn7lwg9000xi216p8mi288q	2026-03-12 08:32:02.627	RRU15913300D5T	PF14815-5T	Rubber Foot	0	6000	0	0	DONE	FEBRY	\N	2026-03-12 08:32:02.627	2026-03-12 08:32:02.627	INCOMING	27
cmmn7mf01000lo4yr658v6s3k	2026-03-12 08:32:26.669	RRU15913300D5T	PF14815-5T	Rubber Foot	0	4000	0	0	DONE	FEBRY	\N	2026-03-12 08:32:26.669	2026-03-12 08:32:26.669	INCOMING	30
cmmn802uu001li216ju7sr9kp	2026-03-12 08:43:04.113	RRU14171400R5T	PF11917-5T	Water Pump Mount Rubber	0	5870	121	0	DONE	FEBRY/HERI	\N	2026-03-12 08:43:04.113	2026-03-12 08:43:04.113	INCOMING	30
cmmn8192d001pi216r7dkze27	2026-03-12 08:43:58.815	RRU14218000RW5T	PF11919-5T	Pump Inlet Tube	0	3010	0	0	DONE	FEBRY	\N	2026-03-12 08:43:58.815	2026-03-12 08:43:58.815	INCOMING	30
cmmn81sd20019o4yrx6lki3xt	2026-03-12 08:44:23.825	RRU17340100D5T	PF05672-5T	LED O-Ring	0	40000	0	0	DONE	FEBRY	\N	2026-03-12 08:44:23.825	2026-03-12 08:44:23.825	INCOMING	27
cmmn7n5wu0011i216xar4u6l4	2026-03-12 08:33:01.544	RRU17397001D5T	PF09461-5T	PLUG SILICONE	0	2523	0	0	DONE	FEBRY	\N	2026-03-12 08:33:01.544	2026-03-12 08:47:32.985	INCOMING	HT
cmmn7o3cb000po4yr4f4tr7ki	2026-03-12 08:33:44.87	RRU17339200DW5T-HT	PF08467-5T	Water Inlet Seal	0	2948	0	0	DONE	FEBRY	\N	2026-03-12 08:33:44.87	2026-03-12 08:51:04.881	INCOMING	HT
cmmn7owng0015i2163a371naw	2026-03-12 08:34:22.854	RRU10566900RW5T-HT	PF08270-5T	Hose Connector O-RING	0	343070	0	0	DONE	FEBRY	\N	2026-03-12 08:34:22.854	2026-03-12 08:51:04.881	INCOMING	HT
cmmn7qdd4000to4yr8nsalo05	2026-03-12 08:35:30.636	RRU17340400D5T-HT	PF07038-5T	Baffle Outlet Tube	0	36919	0	0	DONE	FEBRY	\N	2026-03-12 08:35:30.636	2026-03-12 08:51:04.881	INCOMING	HT
cmmn7r31w0019i216jgaet9rs	2026-03-12 08:36:04.463	RRU17339800DW5T-HT	PF05723-5T	Pump Seal	0	21400	0	0	DONE	FEBRY	\N	2026-03-12 08:36:04.463	2026-03-12 08:51:04.881	INCOMING	HT
cmmn7t3zx000xo4yrfk4dq2pu	2026-03-12 08:37:39	RRU18838301D5T	PF17458-KCC-5T	Brake Rubber	0	4600	0	0	DONE	FEBRY	\N	2026-03-12 08:37:39	2026-03-12 08:51:04.881	INCOMING	HT
cmmn7tofv001di2162d2obm74	2026-03-12 08:38:05.494	RRU11626501RW5T	S02250-5T	O-RING HWT	0	18868	0	0	DONE	FEBRY	\N	2026-03-12 08:38:05.494	2026-03-12 08:51:04.881	INCOMING	HT
cmmn7u6090011o4yrtquuywqb	2026-03-12 08:38:28.261	RRU15346500DW5T-HT	PF04986-5T	Shower Gasket	0	3600	0	0	DONE	FEBRY	\N	2026-03-12 08:38:28.261	2026-03-12 08:51:04.881	INCOMING	HT
cmmn7uuki001hi2163isfi1x3	2026-03-12 08:39:00.093	RRU15913100D5T-HT	PF14963-5T	Grommet Silicone	0	3271	0	0	DONE	FEBRY	\N	2026-03-12 08:39:00.093	2026-03-12 08:51:04.881	INCOMING	HT
cmmn7yzqa0015o4yruk3qesen	2026-03-12 08:42:12.9	RRU17341000D5T-HT	PF08867-5T	Steam Wand Handle	0	3557	0	0	DONE	FEBRY	\N	2026-03-12 08:42:12.9	2026-03-12 08:51:04.881	INCOMING	HT
cmmn8ibl80001x8yzu1y4fz1a	2026-03-12 08:57:15.306	RRU08065900RW5T	PF04990-5T	Safety Valve O-Ring	0	14500	0	120	DONE	FEBRY	\N	2026-03-12 08:57:15.306	2026-03-12 08:57:15.306	INCOMING	27
cmmn8xg070001hoqowqt1slk3	2026-03-12 09:09:00.871	RRU17452600D5T	36795-5T	COUPLING GEAR O-RING	0	1000	0	0	DONE	FEBRY	\N	2026-03-12 09:09:00.871	2026-03-12 09:09:00.871	INCOMING	27
cmmn8y0ed0005hoqo6aqit92c	2026-03-12 09:09:27.23	RRU15107900D5T	PF13002-5T	Drip Plate Foot Rubber	0	6000	0	19	DONE	FEBRY	\N	2026-03-12 09:09:27.23	2026-03-12 09:09:27.23	INCOMING	27
cmmn8yhus0001q3d28sr84ftz	2026-03-12 09:09:49.855	RRU15105600D5T	PF13017-5T	KNOB SEALING	0	4000	0	0	DONE	FEBRY	\N	2026-03-12 09:09:49.855	2026-03-12 09:09:49.855	INCOMING	27
cmmn9041w0009hoqo00rcemzl	2026-03-12 09:11:05.278	RRU08066200R5T	PF04987-5T	Pump Mount Rubber	0	4108	0	0	DONE	FEBRY	\N	2026-03-12 09:11:05.278	2026-03-12 09:11:05.278	INCOMING	AFTE SORTING OQC
cmmn91ll80005q3d2x5sxzjq6	2026-03-12 09:12:14.662	RRU17341000D5T-HT	PF08867-5T	Steam Wand Handle	0	2000	0	0	DONE	FEBRY	\N	2026-03-12 09:12:14.662	2026-03-12 09:12:14.662	INCOMING	HT
cmmn92aw0000dhoqoqsbgocaa	2026-03-12 09:12:47.45	RRU17339200DW5T-HT	PF08467-5T	Water Inlet Seal	0	7000	0	0	DONE	FEBRY	\N	2026-03-12 09:12:47.45	2026-03-12 09:12:47.45	INCOMING	HT
cmmn92zff0009q3d219vtkpxc	2026-03-12 09:13:19.254	RRU15912900DW5T-HT	PF14576-5T	PM VENT GASKET	0	7602	0	0	DONE	FEBRY	\N	2026-03-12 09:13:19.254	2026-03-12 09:13:19.254	INCOMING	HT
cmmn93k1o000hhoqo5fc9ub2q	2026-03-12 09:13:45.973	RRU15913100D5T-HT	PF14963-5T	Grommet Silicone	0	10729	0	0	DONE	FEBRY	\N	2026-03-12 09:13:45.973	2026-03-12 09:13:45.973	INCOMING	HT
cmmn940z2000dq3d20br0czsn	2026-03-12 09:14:07.914	RRU15912900DW5T-HT	PF14576-5T	PM VENT GASKET	0	122	0	0	DONE	FEBRY	\N	2026-03-12 09:14:07.914	2026-03-12 09:14:07.914	INCOMING	HT
cmmn94qyk000lhoqoel7fnaxb	2026-03-12 09:14:41.59	RRU08072500R5T	PF05020-5T	GRILL RUBBER GROMMETS	0	2000	0	0	DONE	FEBRY	\N	2026-03-12 09:14:41.59	2026-03-12 09:14:41.59	INCOMING	31
cmmn95gmy000hq3d2k3hyotuj	2026-03-12 09:15:14.87	RRU14171400R5T	PF11917-5T	Water Pump Mount Rubber	0	12012	0	0	DONE	FEBRY	\N	2026-03-12 09:15:14.87	2026-03-12 09:15:14.87	INCOMING	30
cmmn96fdh000phoqo1h44x50m	2026-03-12 09:15:59.886	RRU15105800D5T	PF13028-5T	Power Surround Sealing	0	20115	0	0	DONE	FEBRY	\N	2026-03-12 09:15:59.886	2026-03-12 09:15:59.886	INCOMING	30
cmmn96xsh000lq3d2n5f7uiug	2026-03-12 09:16:23.756	RRU08065900RW5T	PF04990-5T	Safety Valve O-Ring	0	165	0	0	DONE	FEBRY	\N	2026-03-12 09:16:23.756	2026-03-12 09:16:23.756	INCOMING	27
cmmn97fic000thoqoi99bpocs	2026-03-12 09:16:46.718	RRU11627000RW5T	S03814-5T	O-Ring A For Adapter	0	2000	0	40	DONE	FEBRY	\N	2026-03-12 09:16:46.718	2026-03-12 09:16:46.718	INCOMING	30
cmmn9819q000pq3d2u618x2lw	2026-03-12 09:17:14.922	RRU17363400D5T	PF11923-5T	Control PCB Cover Seal	0	2000	0	3	DONE	FEBRY	\N	2026-03-12 09:17:14.922	2026-03-12 09:17:14.922	INCOMING	30
cmmn98huk000xhoqotzam403h	2026-03-12 09:17:36.406	RRU17363300D5T	PF08885-5T	Button Surround Sealing	0	4000	0	75	DONE	FEBRY	\N	2026-03-12 09:17:36.406	2026-03-12 09:17:36.406	INCOMING	27
cmmn9du2y000tq3d2h37ermrh	2026-03-12 09:21:45.099	RRU17339200DW5T-HT	PF08467-5T	Water Inlet Seal	0	5402	0	0	DONE	FEBRY	\N	2026-03-12 09:21:45.099	2026-03-12 09:21:45.099	INCOMING	HT
cmmn9giit00011423h3doqziv	2026-03-12 09:23:50.527	RRU07175100R5T	PF04273-5T	Tube Cap B	0	1500	0	17	DONE	FEBRY	\N	2026-03-12 09:23:50.527	2026-03-12 09:23:50.527	INCOMING	32
cmmn9h09600051423wkr3v47s	2026-03-12 09:24:13.507	RRU14218000RW5T	PF11919-5T	Pump Inlet Tube	0	3982	0	0	DONE	FEBRY	\N	2026-03-12 09:24:13.507	2026-03-12 09:24:13.507	INCOMING	32
cmmn9htyb00091423buqtf4hl	2026-03-12 09:24:51.997	RRU08072500R5T	PF05020-5T	GRILL RUBBER GROMMETS	0	66000	0	0	DONE	FEBRY	\N	2026-03-12 09:24:51.997	2026-03-12 09:24:51.997	INCOMING	32
cmmn9iao20002nt49tmfjuw4o	2026-03-12 09:25:13.662	RRU09366900R5T	PF06613-5T	RUBBER RING OIL RESISTANT	0	2000	0	0	DONE	FEBRY	\N	2026-03-12 09:25:13.662	2026-03-12 09:25:13.662	INCOMING	30
cmmn9iyc3000d1423ye1vzoai	2026-03-12 09:25:44.332	RRU15913300D5T	PF14815-5T	Rubber Foot	0	102000	0	1527	DONE	FEBRY	\N	2026-03-12 09:25:44.332	2026-03-12 09:25:44.332	INCOMING	30
cmmn9jevz0006nt49ih6nc5z7	2026-03-12 09:26:05.786	RRU11627000RW5T	S03814-5T	O-Ring A For Adapter	0	4000	0	93	DONE	FEBRY	\N	2026-03-12 09:26:05.786	2026-03-12 09:26:05.786	INCOMING	30
cmmn9jyuy000h1423dsq3xxy8	2026-03-12 09:26:31.667	RRU08065900RW5T	PF04990-5T	Safety Valve O-Ring	0	5000	0	195	DONE	FEBRY	\N	2026-03-12 09:26:31.667	2026-03-12 09:26:31.667	INCOMING	30
cmmn9kpmp000ant49i7q2melm	2026-03-12 09:27:06.364	RRU08219500R5T	PF05625-5T	Pressure Gauge Seal	0	10000	0	193	DONE	FEBRY	\N	2026-03-12 09:27:06.364	2026-03-12 09:27:06.364	INCOMING	32
cmmn9m2fg000l1423dqf66ahy	2026-03-12 09:28:09.013	RRU10186400RW5T	PF07907-5T	Hot Water Tube O-Ring	0	19400	0	50	DONE	FEBRY	\N	2026-03-12 09:28:09.013	2026-03-12 09:28:09.013	INCOMING	30
cmmn9mmbw000ent498zt2bo50	2026-03-12 09:28:35.397	RRU15913100D5T-HT	PF14963-5T	Grommet Silicone	0	20000	0	0	DONE	FEBRY	\N	2026-03-12 09:28:35.397	2026-03-12 09:28:35.397	INCOMING	HT
cmmn9n54h000p1423gv1kokmd	2026-03-12 09:28:59.753	RRU15912900DW5T-HT	PF14576-5T	PM VENT GASKET	0	15878	0	0	DONE	FEBRY	\N	2026-03-12 09:28:59.753	2026-03-12 09:28:59.753	INCOMING	HT
cmmn9nmvb000t1423w60d8f9n	2026-03-12 09:29:22.752	RRU11626501RW5T	S02250-5T	O-RING HWT	0	3926	0	0	DONE	FEBRY	\N	2026-03-12 09:29:22.752	2026-03-12 09:29:22.752	INCOMING	HT
cmmn9oa9c000int49ohxpza7k	2026-03-12 09:29:53.066	RRU15346500DW5T-HT	PF04986-5T	Shower Gasket	0	520	0	0	DONE	FEBRY	\N	2026-03-12 09:29:53.066	2026-03-12 09:29:53.066	INCOMING	HT
cmmn9ot34000x1423r8zf8t98	2026-03-12 09:30:17.465	RRU10566900RW5T-HT	PF08270-5T	Hose Connector O-RING	0	90680	0	0	DONE	FEBRY	\N	2026-03-12 09:30:17.465	2026-03-12 09:30:17.465	INCOMING	HT
cmmn9peje000mnt49how0t12u	2026-03-12 09:30:45.267	RRU17341000D5T-HT	PF08867-5T	Steam Wand Handle	0	16981	0	0	DONE	FEBRY	\N	2026-03-12 09:30:45.267	2026-03-12 09:30:45.267	INCOMING	HT
cmmn9q0u5001114239tmn1jlt	2026-03-12 09:31:14.166	RRU17339200DW5T-HT	PF08467-5T	Water Inlet Seal	0	3500	0	0	DONE	FEBRY	\N	2026-03-12 09:31:14.166	2026-03-12 09:31:14.166	INCOMING	HT
cmmn9qq5k000qnt49iouli2nv	2026-03-12 09:31:46.978	RRU15613100DW5T	S09260-5T	CWT COVER INNER SEAL	0	2464	0	38	DONE	FEBRY	\N	2026-03-12 09:31:46.978	2026-03-12 09:31:46.978	INCOMING	27
cmmn9rt4400151423jhdcmfp0	2026-03-12 09:32:37.469	RRU14885000DW5T	PF13766-5T KCC	Safety Valve O-Ring	0	8000	0	200	DONE	FEBRY	\N	2026-03-12 09:32:37.469	2026-03-12 09:32:37.469	INCOMING	30
cmmn9sa9z000unt49qs3dqhi5	2026-03-12 09:32:59.713	RRU17452600D5T	36795-5T	COUPLING GEAR O-RING	0	6100	0	104	DONE	FEBRY	\N	2026-03-12 09:32:59.713	2026-03-12 09:32:59.713	INCOMING	30
cmmn9symr001914236utuqd8v	2026-03-12 09:33:30.809	RRU17452700D5T	36804-5T (WHITE)	Rubber Foot	0	15000	0	225	DONE	FEBRY	\N	2026-03-12 09:33:30.809	2026-03-12 09:33:30.809	INCOMING	30
cmmn9tzjq000ynt49qze7lpdu	2026-03-12 09:34:19.122	RRU17452700D5T	36804-5T (WHITE)	Rubber Foot	0	22000	0	0	DONE	FEBRY	\N	2026-03-12 09:34:19.122	2026-03-12 09:34:19.122	INCOMING	32
cmmn9utqz001d14233vku9tpp	2026-03-12 09:34:58.26	RRU09192100R5T	PF06683-5T	RUBBER FOOT FRONT RIGHT	0	35	0	0	DONE	FEBRY	\N	2026-03-12 09:34:58.26	2026-03-12 09:34:58.26	INCOMING	AFTER SORTING OQC
cmmn9vbdg001h1423bsxwh61r	2026-03-12 09:35:21.102	RRU09193900R5T	PF06680-5T	RUBBER FOOT FRONT LEFT	0	230	0	0	DONE	FEBRY	\N	2026-03-12 09:35:21.102	2026-03-12 09:35:21.102	INCOMING	AFTER SORTING OQC
cmmn9vpbf0012nt49su6iyc34	2026-03-12 09:35:39.175	RRU09192200R5T	PF06681-5T	RUBBER FOOT BACK LEFT	0	315	0	0	DONE	FEBRY	\N	2026-03-12 09:35:39.175	2026-03-12 09:35:39.175	INCOMING	AFTER SORTING OQC
cmmn9w7p1001l14235ax56tlw	2026-03-12 09:36:02.991	RRU16703500D5T	D24895-5T	OIL RESISTANCE RUBBER	0	10	0	0	DONE	FEBRY	\N	2026-03-12 09:36:02.991	2026-03-12 09:36:02.991	INCOMING	AFTER SORTING OQC
cmmn9ymzf001p14231ghi6jlq	2026-03-12 09:37:56.117	RRU03009900D5T	33825-5T	BUTTON PAD OIL RESISTANCE	0	25	0	0	DONE	FEBRY	\N	2026-03-12 09:37:56.117	2026-03-12 09:37:56.117	INCOMING	AFTER SORTING OQC
cmmn9z6fy001t14232k4zdsao	2026-03-12 09:38:21.335	RRU09366900R5T	PF06613-5T	RUBBER RING OIL RESISTANT	0	120	0	0	DONE	FEBRY	\N	2026-03-12 09:38:21.335	2026-03-12 09:38:21.335	INCOMING	AFTER SORTING OQC
cmmn9zo0j0016nt49jc4ae4sd	2026-03-12 09:38:43.673	RRU14904600D5T	S08787-5T	GASKET BUTTON	0	75	0	0	DONE	FEBRY	\N	2026-03-12 09:38:43.673	2026-03-12 09:38:43.673	INCOMING	AFTER SORTING OQC
cmmna06v6001x1423e2ow1qr6	2026-03-12 09:39:08.539	RRU06097300H5T	D09108-5T	MOTOR PAD OIL RESISTANT	0	100	0	0	DONE	FEBRY	\N	2026-03-12 09:39:08.539	2026-03-12 09:39:08.539	INCOMING	AFTER SORTING OQC
cmmna0tgi001ant49hanm90ns	2026-03-12 09:39:37.82	RRU14886000DW5T	PF12012-5T	Gasket Entrance Needle	0	30	0	0	DONE	FEBRY	\N	2026-03-12 09:39:37.82	2026-03-12 09:39:37.82	INCOMING	27
cmmna16q300211423roa7qy16	2026-03-12 09:39:55.013	RRU09506100R5T	PF06667-5T	Top Cover Pad Oil	0	220	0	0	DONE	FEBRY	\N	2026-03-12 09:39:55.013	2026-03-12 09:39:55.013	INCOMING	27
cmmna1nk0001ent49ljyoilq4	2026-03-12 09:40:16.827	RRU11627100RW5T	S03815-5T	O-Ring B For Adapter	0	60	0	0	DONE	FEBRY	\N	2026-03-12 09:40:16.827	2026-03-12 09:40:16.827	INCOMING	27
cmmna264p0025142319awz0r3	2026-03-12 09:40:40.899	RRU08065900RW5T	PF04990-5T	Safety Valve O-Ring	0	1190	0	0	DONE	FEBRY	\N	2026-03-12 09:40:40.899	2026-03-12 09:40:40.899	INCOMING	27
cmmna2m5q001int49hirxp0qb	2026-03-12 09:41:01.672	RRU17340200D5T	PF07330-5T	Drip Tray Rubber Foot	0	270	0	0	DONE	FEBRY	\N	2026-03-12 09:41:01.672	2026-03-12 09:41:01.672	INCOMING	27
cmmnaczz8001mnt49wiq18wa5	2026-03-12 09:49:05.713	RRU08219500R5T	PF05625-5T	Pressure Gauge Seal	0	175	0	0	DONE	FEBRY	\N	2026-03-12 09:49:05.713	2026-03-12 09:49:05.713	INCOMING	27
cmmnaddwe001qnt49ovasouic	2026-03-12 09:49:24.185	RRU07241500R5T	S03891-5T	OIL RESISTANCE RUBBER	0	1020	0	0	DONE	FEBRY	\N	2026-03-12 09:49:24.185	2026-03-12 09:49:24.185	INCOMING	27
cmmnadxdc0001140rr4pbn00z	2026-03-12 09:49:49.418	RRU17452700D5T	36804-5T (WHITE)	Rubber Foot	0	495	0	0	DONE	FEBRY	\N	2026-03-12 09:49:49.418	2026-03-12 09:49:49.418	INCOMING	29
cmmnagvz3001unt49ajcqbuts	2026-03-12 09:52:07.579	RRU17340100D5T	PF05672-5T	LED O-Ring	0	3000	0	0	DONE	FEBRY	\N	2026-03-12 09:52:07.579	2026-03-12 09:52:07.579	INCOMING	27
cmmnahooj0005140r6bq9qfb2	2026-03-12 09:52:44.783	RRU15802500DW5T	S03412-5T	FAUCET CONNECTOR O-Ring	0	470	0	0	DONE	FEBRY	\N	2026-03-12 09:52:44.783	2026-03-12 09:52:44.783	INCOMING	26
cmmnai88o001ynt49fn2lyz8k	2026-03-12 09:53:10.131	RRU14218000RW5T	PF11919-5T	Pump Inlet Tube	0	120	0	0	DONE	FEBRY	\N	2026-03-12 09:53:10.131	2026-03-12 09:53:10.131	INCOMING	27
cmmnaip3z0009140rrt5eqpgm	2026-03-12 09:53:31.994	RRU17363400D5T	PF11923-5T	Control PCB Cover Seal	0	28	0	0	DONE	FEBRY	\N	2026-03-12 09:53:31.994	2026-03-12 09:53:31.994	INCOMING	27
cmmo7iokr0001u8zhoyhjcl02	2026-03-13 01:17:18.629	RRU17613900DW5T	PF03710-5T	HWT Cover Sealing	0	550	0	0	DONE	FEBRY	\N	2026-03-13 01:17:18.629	2026-03-13 01:17:18.629	INCOMING	26
cmmo7j7d30001u641t2nnw4wg	2026-03-13 01:17:42.979	RRU15913200DW5T	PF14966-5T	NTC O-ring	0	5070	0	0	DONE	FEBRY	\N	2026-03-13 01:17:42.979	2026-03-13 01:17:42.979	INCOMING	26
cmmo7jz9c0005u8zhf39g2foc	2026-03-13 01:18:19.13	RRU15612300DW5T	S09259-5T	INTERNAL CWT SEAL	0	70	0	0	DONE	FEBRY	\N	2026-03-13 01:18:19.13	2026-03-13 01:18:19.13	INCOMING	\N
cmmo7kgza0009u8zh4mo6yhmh	2026-03-13 01:18:42.096	RRU16336200DW5T	PF15212-5T	SEAL PM VENT	0	223	0	0	DONE	FEBRY	\N	2026-03-13 01:18:42.096	2026-03-13 01:18:42.096	INCOMING	\N
cmmo7l158000du8zhtqqly31g	2026-03-13 01:19:08.23	RRU15105500D5T	PF12864-5T	Button Surround Sealing	0	7000	0	190	DONE	FEBRY	\N	2026-03-13 01:19:08.23	2026-03-13 01:19:08.23	INCOMING	27
cmmo7mbyu0005u641ks14223v	2026-03-13 01:20:08.905	RRU19474500D5T	ID 1.4 mm X OD 2.2 mm L610 mm	Silicone Hollow Tube	0	2000	0	0	DONE	FEBRY	\N	2026-03-13 01:20:08.905	2026-03-13 01:20:08.905	INCOMING	27
cmmo7nzid000hu8zhezxwn3ch	2026-03-13 01:21:26.08	RRU17363300D5T	PF08885-5T	Button Surround Sealing	0	1500	0	0	DONE	FEBRY	\N	2026-03-13 01:21:26.08	2026-03-13 01:21:26.08	INCOMING	27
cmmo7oso80009u6414k21hbwd	2026-03-13 01:22:03.875	RRU14904600D5T	S08787-5T	GASKET BUTTON	0	789	11	0	DONE	FEBRY	\N	2026-03-13 01:22:03.875	2026-03-13 01:22:03.875	INCOMING	27
cmmo7pfty000lu8zhp1mrl6qp	2026-03-13 01:22:33.888	RRU15612300DW5T	S09259-5T	INTERNAL CWT SEAL	0	1832	0	0	DONE	FEBRY	\N	2026-03-13 01:22:33.888	2026-03-13 01:22:33.888	INCOMING	27
cmmo7xvc2000tu8zhl91iy1jq	2026-03-13 01:29:07.298	RRU15612400DW5T	S09262-5T	FUNNEL SEAL	0	3992	0	78	DONE	FEBRY	\N	2026-03-13 01:29:07.298	2026-03-13 01:29:07.298	INCOMING	27
cmmo7yzzy000xu8zh556avti2	2026-03-13 01:29:59.93	RRU15913300D5T	PF14815-5T	Rubber Foot	0	54000	0	653	DONE	FEBRY	\N	2026-03-13 01:29:59.93	2026-03-13 01:29:59.93	INCOMING	30
cmmo7zgae0011u8zh16jrsktc	2026-03-13 01:30:21.042	RRU16336200DW5T	PF15212-5T	SEAL PM VENT	0	2000	0	53	DONE	FEBRY	\N	2026-03-13 01:30:21.042	2026-03-13 01:30:21.042	INCOMING	30
cmmo7zwsw000du641dk10fluv	2026-03-13 01:30:42.442	RRU14885000DW5T	PF13766-5T KCC	Safety Valve O-Ring	0	15000	0	15	DONE	FEBRY	\N	2026-03-13 01:30:42.442	2026-03-13 01:30:42.442	INCOMING	30
cmmo80ufu000hu641v26wdz33	2026-03-13 01:31:26.035	RRU08066200R5T	PF04987-5T	Pump Mount Rubber	0	1975	12	0	DONE	FEBRY	\N	2026-03-13 01:31:26.035	2026-03-13 01:31:26.035	INCOMING	32
cmmo82nz90015u8zhsjfzab9o	2026-03-13 01:32:50.977	RRU08219500R5T	PF05625-5T	Pressure Gauge Seal	0	8700	0	160	DONE	FEBRY	\N	2026-03-13 01:32:50.977	2026-03-13 01:32:50.977	INCOMING	32
cmmo84c6z0019u8zhg7zsmt8j	2026-03-13 01:34:08.542	RRU15613100DW5T	S09260-5T	CWT COVER INNER SEAL	0	1000	0	0	DONE	FEBRY	\N	2026-03-13 01:34:08.542	2026-03-13 01:34:08.542	INCOMING	32 (DE-FLASHING HK)
cmmo8734k000lu6410mp17np3	2026-03-13 01:36:17.23	RRU15613100DW5T	S09260-5T	CWT COVER INNER SEAL	0	260	0	0	DONE	FEBRY	\N	2026-03-13 01:36:17.23	2026-03-13 01:36:17.23	INCOMING	32 (BF DE-FLASHING HK)
cmmo8ae5f000pu64105x6deau	2026-03-13 01:38:51.481	RRU15346500DW5T-HT	PF04986-5T	Shower Gasket	0	1403	0	0	DONE	FEBRY	\N	2026-03-13 01:38:51.481	2026-03-13 01:38:51.481	INCOMING	HT
cmmo8d6xw001du8zhn819q3sc	2026-03-13 01:41:01.688	RRU17341000D5T-HT	PF08867-5T	Steam Wand Handle	0	220	0	0	DONE	FEBRY	\N	2026-03-13 01:41:01.688	2026-03-13 01:41:01.688	INCOMING	HT
cmmo8dobx000tu641zpdpytl6	2026-03-13 01:41:24.648	RRU10566900RW5T-HT	PF08270-5T	Hose Connector O-RING	0	3310	0	0	DONE	FEBRY	\N	2026-03-13 01:41:24.648	2026-03-13 01:41:24.648	INCOMING	HT
cmmo8eepp001hu8zhxsv4dk2r	2026-03-13 01:41:58.841	RRU17339200DW5T-HT	PF08467-5T	Water Inlet Seal	0	95	0	0	DONE	FEBRY	\N	2026-03-13 01:41:58.841	2026-03-13 01:41:58.841	INCOMING	HT
cmmom20270001bf08phxf8oie	2026-03-13 08:04:14.601	RRU17339200DW5T-HT	PF08467-5T	Water Inlet Seal	0	1000	0	0	DONE	FEBRY	\N	2026-03-13 08:04:14.601	2026-03-13 08:04:14.601	INCOMING	HT
cmmom4kfa0005bf08nm1l3q1u	2026-03-13 08:06:13.833	RRU15912900DW5T-HT	PF14576-5T	PM VENT GASKET	0	16000	0	0	DONE	FEBRY	\N	2026-03-13 08:06:13.833	2026-03-13 08:06:13.833	INCOMING	HT
cmmom5jkh0001rgw0v0m0tzd3	2026-03-13 08:06:59.85	RRU11626501RW5T	S02250-5T	O-RING HWT	0	15000	0	0	DONE	CINCE	\N	2026-03-13 08:06:59.85	2026-03-13 08:06:59.85	INCOMING	HT
cmmom62jg0005rgw0vxos0efc	2026-03-13 08:07:24.438	RRU15913100D5T-HT	PF14963-5T	Grommet Silicone	0	16000	0	0	DONE	CINCE	\N	2026-03-13 08:07:24.438	2026-03-13 08:07:24.438	INCOMING	HT
cmmom7lm20009rgw0v3k3tyz2	2026-03-13 08:08:35.882	RRU17340200D5T	PF07330-5T	Drip Tray Rubber Foot	86000	0	0	0	PENDING	FEBRY	cmmkd60cg000d60axeqrn1zg0	2026-03-13 08:08:35.882	2026-03-13 08:08:35.882	INCOMING	30
cmmoorgc40001i2sao0z9pk96	2026-03-13 09:20:01.397	RRU17339600DW5T	PF05044-5T	PUMP INLET TUBE	20000	0	0	0	PENDING	FEBRY	cmmkd50wg000b60axu4jgmxhm	2026-03-13 09:20:01.397	2026-03-13 09:20:01.397	INCOMING	30
cmmokjdqu000112y34n6qnsac	2026-03-13 07:21:46.327	RRU15913300D5T	PF14815-5T	Rubber Foot	0	56000	0	777	DONE	CINCE	cmmokj33400013srh5gbny1vr	2026-03-13 07:21:46.327	2026-03-13 09:23:30.863	INCOMING	30
\.


--
-- Data for Name: Deflashing; Type: TABLE DATA; Schema: public; Owner: postgres
--

COPY public."Deflashing" (id, "computerCode", "partNo", "productName", "qtyIn", "createdAt", "productionType", "completedAt", "incomingBy", "processedBy", status, "incomingDate", "processedQty", "incomingId", "batchNo") FROM stdin;
cmmafh7ia0000grm87fqdzd2z	RRU14218000RW5T	PF11919-5T	Pump Inlet Tube	8920	2026-03-03 09:51:20.386	HK	\N	SITI AMINAH	\N	PENDING	2026-03-03 09:51:20.386	0	cmmkbyyw90003edtf8w0y6nuu	32
cmmafik0a0001grm8yc5j83oe	RRU14886000DW5T	PF12012-5T	Gasket Entrance Needle	66570	2026-03-03 09:52:23.073	HK	\N	SITI AMINAH	\N	PENDING	2026-03-03 09:52:23.073	0	cmmkbyyw90003edtf8w0y6nuu	32
cmmafjnfv0002grm8g4xp46nw	RRU15611100D5T	S09258-5T	DRY BOX SEAL SILICONE	5500	2026-03-03 09:53:14.178	HK	\N	SITI AMINAH	\N	PENDING	2026-03-03 09:53:14.178	0	cmmkbyyw90003edtf8w0y6nuu	32
cmmafk7wx0003grm8rremhryd	RRU15612400DW5T	S09262-5T	FUNNEL SEAL	5000	2026-03-03 09:53:40.881	HK	\N	SITI AMINAH	\N	PENDING	2026-03-03 09:53:40.881	0	cmmkbyyw90003edtf8w0y6nuu	32
cmmafkr010004grm80spuj3b3	RRU15613100DW5T	S09260-5T	CWT COVER INNER SEAL	2000	2026-03-03 09:54:05.448	HK	\N	SITI AMINAH	\N	PENDING	2026-03-03 09:54:05.448	0	cmmkbyyw90003edtf8w0y6nuu	32
\.


--
-- Data for Name: DeflashingProcessLog; Type: TABLE DATA; Schema: public; Owner: postgres
--

COPY public."DeflashingProcessLog" (id, "deflashingId", "qtyOut", "ngQty", "spareQty", "processedBy", "processedAt", "batchNo") FROM stdin;
\.


--
-- Data for Name: IncomingTransaction; Type: TABLE DATA; Schema: public; Owner: postgres
--

COPY public."IncomingTransaction" (id, date, "computerCode", "partNo", "productName", "incomingQty", "outgoingQty", balance, batch, "responsiblePerson", "createdAt", "updatedAt", "remainingQty", status) FROM stdin;
cmmkbyyw90003edtf8w0y6nuu	2026-01-21 00:00:00	RRU06097300H5T	D09108-5T	MOTOR PAD OIL RESISTANT	18000	0	0	30	RAJA	2026-03-10 08:10:52.261	2026-03-10 08:10:52.261	18000	OPEN
cmmkc007l0005edtf0kuibrfo	2026-01-26 00:00:00	RRU09192100R5T	PF06683-5T	RUBBER FOOT FRONT RIGHT	7500	0	0	30	RAJA	2026-03-10 08:11:40.62	2026-03-10 08:11:40.62	7500	OPEN
cmmkc3kud0001f5bw60wkhfbz	2026-01-26 00:00:00	RRU10186400RW5T	PF07907-5T	Hot Water Tube O-Ring	25000	0	0	30	RAJA	2026-03-10 08:14:27.397	2026-03-10 08:14:27.397	25000	OPEN
cmmkc54m00003f5bwiudd5kg5	2026-01-26 00:00:00	RRU11627100RW5T	S03815-5T	O-Ring B For Adapter	78000	0	0	30	RAJA	2026-03-10 08:15:39.602	2026-03-10 08:15:39.602	78000	OPEN
cmmkct67b000560axc9uruitt	2026-01-26 00:00:00	RRU14171400R5T	PF11917-5T	Water Pump Mount Rubber	12200	0	0	30	RAJA	2026-03-10 08:34:20.926	2026-03-10 08:34:20.926	12200	OPEN
cmmkcygml000760axp6wixwkd	2026-01-26 00:00:00	RRU15913300D5T	PF14815-5T	Rubber Foot	184000	0	0	30	RAJA	2026-03-10 08:38:28.199	2026-03-10 08:38:28.199	184000	OPEN
cmmkd23uu000ff5bwcnjpw3qd	2026-01-26 00:00:00	RRU16703600D5T	D24898-5T	OIL RESISTANCE RUBBER	8000	0	0	30	RAJA	2026-03-10 08:41:18.272	2026-03-10 08:41:18.272	8000	OPEN
cmmkd3lsa000hf5bwxrneu54k	2026-01-26 00:00:00	RRU17339300DW5T	PF05017-5T	TANK VALVE GASKET	61000	0	0	30	RAJA	2026-03-10 08:42:28.165	2026-03-10 08:42:28.165	61000	OPEN
cmmkd9hz5000f60axlsw5ie39	2026-02-27 00:00:00	RRU08065900RW5T	PF04990-5T	Safety Valve O-Ring	29500	0	0	32	FEBRY	2026-03-10 08:47:03.163	2026-03-10 08:47:03.163	29500	OPEN
cmmkdnzry000zf5bwo3e9ncsp	2026-02-27 00:00:00	RRU09192300R5T	PF06682-5T	RUBBER FOOT BACK RIGHT	21000	0	0	32	FEBRY	2026-03-10 08:58:19.418	2026-03-10 08:58:19.418	21000	OPEN
cmmkei0tc000110765cpcftlo	2026-02-27 00:00:00	RRU10186400RW5T	PF07907-5T	Hot Water Tube O-Ring	22800	0	0	32	FEBRY	2026-03-10 09:21:40.444	2026-03-10 09:21:40.444	22800	OPEN
cmmkeijmx00031076co6b48zp	2026-02-27 00:00:00	RRU11627000RW5T	S03814-5T	O-Ring A For Adapter	70600	0	0	32	FEBRY	2026-03-10 09:22:04.837	2026-03-10 09:22:04.837	70600	OPEN
cmmkej3o100051076gh97r9p0	2026-02-27 00:00:00	RRU11627100RW5T	S03815-5T	O-Ring B For Adapter	62500	0	0	32	FEBRY	2026-03-10 09:22:30.797	2026-03-10 09:22:30.797	62500	OPEN
cmmkejpe000071076azqw7w5v	2026-02-27 00:00:00	RRU14171400R5T	PF11917-5T	Water Pump Mount Rubber	31000	0	0	32	FEBRY	2026-03-10 09:22:58.948	2026-03-10 09:22:58.948	31000	OPEN
cmmkel3f4000910766zk1yux8	2026-02-27 00:00:00	RRU14218000RW5T	PF11919-5T	Pump Inlet Tube	28000	0	0	32	FEBRY	2026-03-10 09:24:03.787	2026-03-10 09:24:03.787	28000	OPEN
cmmkemszz000b1076vlgj9ert	2026-02-27 00:00:00	RRU15105200D5T	PF12866-5T	LCD Lens Cover Sealing	2000	0	0	32	FEBRY	2026-03-10 09:25:23.595	2026-03-10 09:25:23.595	2000	OPEN
cmmkfygr80001125vtvlu2qrc	2026-02-27 00:00:00	RRU15105500D5T	PF12864-5T	Button Surround Sealing	5000	0	0	32	FEBRY	2026-03-10 10:02:27.282	2026-03-10 10:02:27.282	5000	OPEN
cmmkfz0bv0003125vvkt0dtsj	2026-02-27 00:00:00	RRU15105600D5T	PF13017-5T	KNOB SEALING	12000	0	0	32	FEBRY	2026-03-10 10:02:52.582	2026-03-10 10:02:52.582	12000	OPEN
cmmkg1dvw00051174gpj5nmjq	2026-02-27 00:00:00	RRU15713200DW5T	S03372-5T	WATER INLET VALVE CAP	4000	0	0	32	FEBRY	2026-03-10 10:04:43.461	2026-03-10 10:04:43.461	4000	OPEN
cmmkg1y2800071174gvgu3ji3	2026-02-27 00:00:00	RRU15802500DW5T	S03412-5T	FAUCET CONNECTOR O-Ring	5000	0	0	32	FEBRY	2026-03-10 10:05:09.61	2026-03-10 10:05:09.61	5000	OPEN
cmmmz1wt20005xh47aoqesmlr	2026-02-27 00:00:00	RRU16336200DW5T	PF15212-5T	SEAL PM VENT	9000	0	0	32	FEBRY	2026-03-12 04:32:33.041	2026-03-12 04:32:33.041	9000	OPEN
cmmmz3sm80007xh47ta91ucks	2026-02-27 00:00:00	RRU17249800DW5T	S08798-5T	Safety Valve Seal	88700	0	0	32	FEBRY	2026-03-12 04:34:00.923	2026-03-12 04:34:00.923	88700	OPEN
cmmmz5b8n0009xh47l81knh7a	2026-02-27 00:00:00	RRU17339600DW5T	PF05044-5T	PUMP INLET TUBE	43000	0	0	32	FEBRY	2026-03-12 04:35:11.714	2026-03-12 04:35:11.714	43000	OPEN
cmmmz5qrr000bxh47qhmilq7d	2026-02-27 00:00:00	RRU17340100D5T	PF05672-5T	LED O-Ring	179500	0	0	32	FEBRY	2026-03-12 04:35:31.842	2026-03-12 04:35:31.842	179500	OPEN
cmmmz9j7e000doaf7daaab68k	2026-02-27 00:00:00	RRU17363300D5T	PF08885-5T	Button Surround Sealing	7000	0	0	32	FEBRY	2026-03-12 04:38:28.661	2026-03-12 04:38:28.661	7000	OPEN
cmmkc13z90007edtfjwpib01e	2026-01-26 00:00:00	RRU09192200R5T	PF06681-5T	RUBBER FOOT BACK LEFT	7500	0	0	30	RAJA	2026-03-10 08:12:32.16	2026-03-10 08:12:32.16	7500	OPEN
cmmkc1ku10009edtfg8tfyi4s	2026-01-26 00:00:00	RRU09192300R5T	PF06682-5T	RUBBER FOOT BACK RIGHT	2500	0	0	30	RAJA	2026-03-10 08:12:54.005	2026-03-10 08:12:54.005	2500	OPEN
cmmkc22lw000bedtf6oroltnc	2026-01-26 00:00:00	RRU09193900R5T	PF06680-5T	RUBBER FOOT FRONT LEFT	3000	0	0	30	RAJA	2026-03-10 08:13:17.039	2026-03-10 08:13:17.039	3000	OPEN
cmmkc4hdf000160axply6bdpo	2026-01-26 00:00:00	RRU11627000RW5T	S03814-5T	O-Ring A For Adapter	59400	0	0	30	RAJA	2026-03-10 08:15:09.468	2026-03-10 08:15:09.468	59400	OPEN
cmmkctunc0005f5bw5pqbhwkx	2026-01-26 00:00:00	RRU15105600D5T	PF13017-5T	KNOB SEALING	14000	0	0	30	RAJA	2026-03-10 08:34:53.09	2026-03-10 08:34:53.09	14000	OPEN
cmmkcussx0007f5bw8y8qrb6h	2026-01-26 00:00:00	RRU15107900D5T	PF13002-5T	Drip Plate Foot Rubber	5500	0	0	30	RAJA	2026-03-10 08:35:37.355	2026-03-10 08:35:37.355	5500	OPEN
cmmkcw9p80009f5bwbhy2x9an	2026-01-26 00:00:00	RRU15612300DW5T	S09259-5T	INTERNAL CWT SEAL	3550	0	0	30	RAJA	2026-03-10 08:36:45.91	2026-03-10 08:36:45.91	3550	OPEN
cmmkcxcsg000bf5bwjbeas617	2026-01-26 00:00:00	RRU15913200DW5T	PF14966-5T	NTC O-ring	10000	0	0	30	RAJA	2026-03-10 08:37:36.57	2026-03-10 08:37:36.57	10000	OPEN
cmmkd2v17000960axl3cteo6z	2026-01-26 00:00:00	RRU17249800DW5T	S08798-5T	Safety Valve Seal	30000	0	0	30	RAJA	2026-03-10 08:41:53.494	2026-03-10 08:41:53.494	30000	OPEN
cmmkda0il000tf5bwvmz4gu05	2026-02-27 00:00:00	RRU08066200R5T	PF04987-5T	Pump Mount Rubber	18500	0	0	32	FEBRY	2026-03-10 08:47:27.191	2026-03-10 08:47:27.191	18500	OPEN
cmmkdaikb000vf5bwteourdur	2026-02-27 00:00:00	RRU09192100R5T	PF06683-5T	RUBBER FOOT FRONT RIGHT	16000	0	0	32	FEBRY	2026-03-10 08:47:50.581	2026-03-10 08:47:50.581	16000	OPEN
cmmkdowvx0001106kyeetezld	2026-02-27 00:00:00	RRU09193900R5T	PF06680-5T	RUBBER FOOT FRONT LEFT	20500	0	0	30	FEBRY	2026-03-10 08:59:02.327	2026-03-10 08:59:02.327	20500	OPEN
cmmkdpksv0003106kql6t04od	2026-02-27 00:00:00	RRU09366900R5T	PF06613-5T	RUBBER RING OIL RESISTANT	62500	0	0	32	FEBRY	2026-03-10 08:59:33.321	2026-03-10 08:59:33.321	62500	OPEN
cmmkfj82z000193xxisqi5wlv	2026-02-27 00:00:00	RRU15105300D5T	PF13022-5T	Connector Sealing Left	2000	0	0	32	FEBRY	2026-03-10 09:50:36.201	2026-03-10 09:50:36.201	2000	OPEN
cmmkfzk5q0005125vh0jv41up	2026-02-27 00:00:00	RRU15105800D5T	PF13028-5T	Power Surround Sealing	20500	0	0	32	FEBRY	2026-03-10 10:03:18.28	2026-03-10 10:03:18.28	20500	OPEN
cmmmyzem80001oaf7kz658uai	2026-02-27 00:00:00	RRU15802600DW5T	PF03892-5T	FLOAT VALVE SEALING	10000	0	0	32	FEBRY	2026-03-12 04:30:36.157	2026-03-12 04:30:36.157	10000	OPEN
cmmmz2cct0003oaf7r5mrbxdy	2026-02-27 00:00:00	RRU16703500D5T	D24895-5T	OIL RESISTANCE RUBBER	29000	0	0	32	FEBRY	2026-03-12 04:32:53.195	2026-03-12 04:32:53.195	29000	OPEN
cmmmz34k90005oaf7fii9qadj	2026-02-27 00:00:00	RRU16703600D5T	D24898-5T	OIL RESISTANCE RUBBER	32000	0	0	32	FEBRY	2026-03-12 04:33:29.749	2026-03-12 04:33:29.749	32000	OPEN
cmmmz4w270007oaf78h902npw	2026-02-27 00:00:00	RRU17339300DW5T	PF05017-5T	TANK VALVE GASKET	53500	0	0	32	FEBRY	2026-03-12 04:34:51.596	2026-03-12 04:34:51.596	53500	OPEN
cmmmz7a500009oaf7g55zj64z	2026-02-27 00:00:00	RRU17340200D5T	PF07330-5T	Drip Tray Rubber Foot	131500	0	0	32	FEBRY	2026-03-12 04:36:43.598	2026-03-12 04:36:43.598	131500	OPEN
cmmkd50wg000b60axu4jgmxhm	2026-01-26 00:00:00	RRU17339600DW5T	PF05044-5T	PUMP INLET TUBE	20000	0	0	30	RAJA	2026-03-10 08:43:34.411	2026-03-13 09:20:01.677	0	CLOSED
cmmmz8tb3000boaf7sq474gzv	2026-02-27 00:00:00	RRU17342000D5T	A01996-5T	Button Sealing	10000	0	0	32	FEBRY	2026-03-12 04:37:55.097	2026-03-12 04:37:55.097	10000	OPEN
cmmmza6jk000foaf7u3jid9i2	2026-02-27 00:00:00	RRU17363400D5T	PF11923-5T	Control PCB Cover Seal	6500	0	0	32	FEBRY	2026-03-12 04:38:58.898	2026-03-12 04:38:58.898	6500	OPEN
cmmmzcrbr000hoaf7uhnjmrnz	2026-01-26 00:00:00	RRU17363300D5T	PF08885-5T	Button Surround Sealing	10000	0	0	32	RAJA	2026-03-12 04:40:58.632	2026-03-12 04:40:58.632	10000	OPEN
cmmkbygki0003xsyaskc4z4cl	2026-01-26 00:00:00	RRU03009900D5T	33825-5T	BUTTON PAD OIL RESISTANCE	18000	0	0	30	RAJA	2026-03-10 08:10:28.508	2026-03-10 08:10:28.508	18000	OPEN
cmmkbzhck0005xsyav13dlmat	2026-01-26 00:00:00	RRU08065900RW5T	PF04990-5T	Safety Valve O-Ring	25500	0	0	30	RAJA	2026-03-10 08:11:16.172	2026-03-10 08:11:16.172	25500	OPEN
cmmkc2pbr000165ubwsafdc5d	2026-01-26 00:00:00	RRU09366900R5T	PF06613-5T	RUBBER RING OIL RESISTANT	56000	0	0	30	RAJA	2026-03-10 08:13:46.547	2026-03-10 08:13:46.547	56000	OPEN
cmmkcz1bt000df5bwwtpwphso	2026-01-26 00:00:00	RRU16703500D5T	D24895-5T	OIL RESISTANCE RUBBER	9000	0	0	30	RAJA	2026-03-10 08:38:55.027	2026-03-10 08:38:55.027	9000	OPEN
cmmkd5jg1000jf5bwd3ittfkx	2026-01-26 00:00:00	RRU17340100D5T	PF05672-5T	LED O-Ring	20000	0	0	30	RAJA	2026-03-10 08:43:57.993	2026-03-10 08:43:57.993	20000	OPEN
cmmkd6gzg000lf5bwt4tlbmwd	2026-01-26 00:00:00	RRU17340600D5T	PF05028-5T	Cleaning Insert	8400	0	0	30	RAJA	2026-03-10 08:44:41.91	2026-03-10 08:44:41.91	8400	OPEN
cmmkd6z8q000nf5bwo2bqaybk	2026-01-26 00:00:00	RRU17341500DW5T	PF08496-5T	Piston Silicone Rubber	84000	0	0	30	RAJA	2026-03-10 08:45:05.572	2026-03-10 08:45:05.572	84000	OPEN
cmmkd7fxo000pf5bws4w86w1q	2026-01-26 00:00:00	RRU17342000D5T	A01996-5T	Button Sealing	10000	0	0	30	RAJA	2026-03-10 08:45:27.206	2026-03-10 08:45:27.206	10000	OPEN
cmmkd8ll0000rf5bwe6aj16k0	2026-01-26 00:00:00	RRU17363400D5T	PF11923-5T	Control PCB Cover Seal	13000	0	0	30	RAJA	2026-03-10 08:46:21.183	2026-03-10 08:46:21.183	13000	OPEN
cmmkdnd6o000xf5bw4kya9fyi	2026-02-27 00:00:00	RRU09192200R5T	PF06681-5T	RUBBER FOOT BACK LEFT	16000	0	0	32	FEBRY	2026-03-10 08:57:49.707	2026-03-10 08:57:49.707	16000	OPEN
cmmkegnm60001egf415zdaivy	2026-02-27 00:00:00	RRU09506100R5T	PF06667-5T	Top Cover Pad Oil	165900	0	0	32	FEBRY	2026-03-10 09:20:36.75	2026-03-10 09:20:36.75	165900	OPEN
cmmkelvt00003egf4v3n8b4qv	2026-02-27 00:00:00	RRU14885000DW5T	PF13766-5T KCC	Safety Valve O-Ring	109200	0	0	32	FEBRY	2026-03-10 09:24:40.575	2026-03-10 09:24:40.575	109200	OPEN
cmmkemcwx0005egf4hh84rf4v	2026-02-27 00:00:00	RRU14886000DW5T	PF12012-5T	Gasket Entrance Needle	84000	0	0	32	FEBRY	2026-03-10 09:25:02.748	2026-03-10 09:25:02.748	84000	OPEN
cmmkfjvub000149v9zw795i4n	2026-02-27 00:00:00	RRU15105400D5T	PF13023-5T	Connector Sealing Right	2000	0	0	32	FEBRY	2026-03-10 09:51:06.925	2026-03-10 09:51:06.925	2000	OPEN
cmmkg06lb000111747ioye2hx	2026-02-27 00:00:00	RRU15107900D5T	PF13002-5T	Drip Plate Foot Rubber	10000	0	0	32	FEBRY	2026-03-10 10:03:47.353	2026-03-10 10:03:47.353	10000	OPEN
cmmkg0ney000311741dovtu1l	2026-02-27 00:00:00	RRU15612300DW5T	S09259-5T	INTERNAL CWT SEAL	2450	0	0	32	FEBRY	2026-03-10 10:04:09.156	2026-03-10 10:04:09.156	2450	OPEN
cmmmz0om20001xh47y3fri0ep	2026-02-27 00:00:00	RRU15913200DW5T	PF14966-5T	NTC O-ring	112000	0	0	32	FEBRY	2026-03-12 04:31:35.767	2026-03-12 04:31:35.767	112000	OPEN
cmmmz18md0003xh47uq0zbtke	2026-02-27 00:00:00	RRU15913300D5T	PF14815-5T	Rubber Foot	220700	0	0	32	FEBRY	2026-03-12 04:32:01.698	2026-03-12 04:32:01.698	220700	OPEN
cmmmz7t8w000dxh475of209e7	2026-02-27 00:00:00	RRU17340600D5T	PF05028-5T	Cleaning Insert	16600	0	0	32	FEBRY	2026-03-12 04:37:07.928	2026-03-12 04:37:07.928	16600	OPEN
cmmmz8bmj000fxh47kl1mi1f2	2026-02-27 00:00:00	RRU17341500DW5T	PF08496-5T	Piston Silicone Rubber	90000	0	0	32	FEBRY	2026-03-12 04:37:32.18	2026-03-12 04:37:32.18	90000	OPEN
cmmokj33400013srh5gbny1vr	2026-01-26 00:00:00	RRU15913300D5T	PF14815-5T	Rubber Foot	56000	0	0	30	FEBRY	2026-03-13 07:21:32.445	2026-03-13 07:21:46.601	0	CLOSED
cmmkd60cg000d60axeqrn1zg0	2026-01-26 00:00:00	RRU17340200D5T	PF07330-5T	Drip Tray Rubber Foot	86000	0	0	30	RAJA	2026-03-10 08:44:20.347	2026-03-13 08:08:36.026	0	CLOSED
\.


--
-- Data for Name: OutgoingTransaction; Type: TABLE DATA; Schema: public; Owner: postgres
--

COPY public."OutgoingTransaction" (id, date, "qtyOut", "responsiblePerson", "createdAt", "updatedAt", "computerCode", "partNo", "productName", remark) FROM stdin;
cmmn6tlac0001p0qjx6wudwqw	2026-02-21 00:00:00	2000	AGUS	2026-03-12 08:10:01.791	2026-03-13 01:54:46.686	RRU08072500R5T	PF05020-5T	GRILL RUBBER GROMMETS	Urgent Shipment SMB
cmmo8mbwm0013u641ct89gwf8	2026-02-24 00:00:00	3507	FEBRY	2026-03-13 01:48:08.449	2026-03-13 02:35:15.817	RRU15912900DW5T	PF14576-5T	PM VENT GASKET	JIT 25-02
cmmn6vpr90003p0qjrxejmwdt	2026-02-23 00:00:00	3264	AGUS	2026-03-12 08:11:40.897	2026-03-13 01:56:08.33	RRU08066200R5T	PF04987-5T	Pump Mount Rubber	Sorting OQC
cmmoabg8e00099lngwafyhbfi	2026-02-26 00:00:00	2000	FEBRY	2026-03-13 02:35:40.073	2026-03-13 02:35:40.073	RRU08072500R5T	PF05020-5T	GRILL RUBBER GROMMETS	FOR EXCHANGE TO SMB
cmmoa7mdo00019lng1kocxw9p	2026-02-25 00:00:00	5000	FEBRY	2026-03-13 02:32:41.482	2026-03-13 02:32:41.482	RRU08065900RW5T	PF04990-5T	Safety Valve O-Ring	JIT 25-02
cmmoa8vmz00039lng6i7gmlsf	2026-02-25 00:00:00	4000	FEBRY	2026-03-13 02:33:40.07	2026-03-13 02:33:40.07	RRU17339600DW5T	PF05044-5T	PUMP INLET TUBE	JIT 25-02
cmmoa9vsa00059lngfkmbcqcr	2026-02-25 00:00:00	20000	FEBRY	2026-03-13 02:34:26.915	2026-03-13 02:34:26.915	RRU17340100D5T	PF05672-5T	LED O-Ring	JIT 25-02
cmmo8hnrt000xu641waa5b6do	2026-02-25 00:00:00	14000	FEBRY	2026-03-13 01:44:30.549	2026-03-13 02:35:15.817	RRU15913100D5T-HT	PF14963-5T	Grommet Silicone	JIT 25-02
cmmo8jtjc000zu641rh23ynt0	2026-02-24 00:00:00	5891	FEBRY	2026-03-13 01:46:10.886	2026-03-13 02:35:15.817	RRU15912900DW5T-HT	PF14576-5T	PM VENT GASKET	JIT 25-02
cmmo8klit0011u641ienls35m	2026-02-25 00:00:00	7602	FEBRY	2026-03-13 01:46:47.6	2026-03-13 02:35:15.817	RRU15912900DW5T-HT	PF14576-5T	PM VENT GASKET	JIT 25-02
cmmo8nb7o0015u6412vpbigh7	2026-02-24 00:00:00	20000	FEBRY	2026-03-13 01:48:54.207	2026-03-13 02:35:15.817	RRU17249800DW5T	S08798-5T	Safety Valve Seal	JIT 25-02
cmmo8nwvq0017u641qogm4wt8	2026-02-24 00:00:00	35000	FEBRY	2026-03-13 01:49:22.289	2026-03-13 02:35:15.817	RRU14885000DW5T	PF13766-5T KCC	Safety Valve O-Ring	JIT 25-02
cmmo9jf8x00018g9jje5b6fpb	2026-02-24 00:00:00	18000	FEBRY	2026-03-13 02:13:52.426	2026-03-13 02:35:15.817	RRU11626501RW5T	S02250-5T	O-RING HWT	JIT 25-02
cmmo9k5i300038g9julyis0er	2026-02-24 00:00:00	20000	FEBRY	2026-03-13 02:14:26.452	2026-03-13 02:35:15.817	RRU14886000DW5T	PF12012-5T	Gasket Entrance Needle	JIT 25-02
cmmo9la1u00058g9jj6k0qsux	2026-02-24 00:00:00	50000	FEBRY	2026-03-13 02:15:19.004	2026-03-13 02:35:15.817	RRU15913300D5T	PF14815-5T	Rubber Foot	JIT 25-02
cmmo9lv2d00078g9j9wtyxgxd	2026-02-25 00:00:00	11500	FEBRY	2026-03-13 02:15:46.239	2026-03-13 02:35:15.817	RRU15346500DW5T-HT	PF04986-5T	Shower Gasket	JIT 25-02
cmmo9mj7d00098g9jl57o7p50	2026-02-24 00:00:00	235000	FEBRY	2026-03-13 02:16:17.521	2026-03-13 02:35:15.817	RRU10566900RW5T-HT	PF08270-5T	Hose Connector O-RING	JIT 25-02
cmmo9n78w000b8g9jan1f7q50	2026-02-24 00:00:00	15000	FEBRY	2026-03-13 02:16:48.682	2026-03-13 02:35:15.817	RRU17341500DW5T	PF08496-5T	Piston Silicone Rubber	JIT 25-02
cmmo9nrnj000d8g9jldkvhg2r	2026-02-25 00:00:00	12000	FEBRY	2026-03-13 02:17:15.129	2026-03-13 02:35:15.817	RRU17339800DW5T-HT	PF05723-5T	Pump Seal	JIT 25-02
cmmoaaglc00079lngmqwhvxnw	2026-02-25 00:00:00	4000	FEBRY	2026-03-13 02:34:53.882	2026-03-13 02:34:53.882	RRU09366900R5T	PF06613-5T	RUBBER RING OIL RESISTANT	JIT 25-02
cmmo9o9tl000f8g9jouqwymxy	2026-02-25 00:00:00	4000	FEBRY	2026-03-13 02:17:38.675	2026-03-13 02:35:15.817	RRU08068400RW5T-HT	PF04996-5T	O-Ring Steam Wand	JIT 25-02
cmmo9p4xu000h8g9jozxd9afy	2026-02-25 00:00:00	2000	FEBRY	2026-03-13 02:18:18.518	2026-03-13 02:35:15.817	RRU08068400RW5T	PF04996-5T	O-Ring Steam Wand	JIT 25-02
cmmo9por7000j8g9ju0lqxjay	2026-02-25 00:00:00	6000	FEBRY	2026-03-13 02:18:44.686	2026-03-13 02:35:15.817	RRU17341000D5T-HT	PF08867-5T	Steam Wand Handle	JIT 25-02
cmmo9qajt000l8g9jotyu7iuf	2026-02-25 00:00:00	11100	FEBRY	2026-03-13 02:19:12.932	2026-03-13 02:35:15.817	RRU17340900D5T-HT	PF13849-5T	Cleaning Insert	JIT 25-02
cmmo9rel2000n8g9jucb1csre	2026-02-24 00:00:00	5000	FEBRY	2026-03-13 02:20:04.815	2026-03-13 02:35:15.817	RRU14171400R5T	PF11917-5T	Water Pump Mount Rubber	JIT 25-02
cmmo9s0y8000p8g9jp6hihblo	2026-02-25 00:00:00	6000	FEBRY	2026-03-13 02:20:33.804	2026-03-13 02:35:15.817	RRU14218000RW5T	PF11919-5T	Pump Inlet Tube	JIT 25-02
cmmo9sjos000r8g9jb119qe6p	2026-02-25 00:00:00	12000	FEBRY	2026-03-13 02:20:58.088	2026-03-13 02:35:15.817	RRU17339300DW5T	PF05017-5T	TANK VALVE GASKET	JIT 25-02
cmmo9t1uh000t8g9jr18a0i5y	2026-02-25 00:00:00	12000	FEBRY	2026-03-13 02:21:21.621	2026-03-13 02:35:15.817	RRU11627000RW5T	S03814-5T	O-Ring A For Adapter	JIT 25-02
cmmo9trlj000v8g9j7wvqrb2x	2026-02-25 00:00:00	12000	FEBRY	2026-03-13 02:21:54.995	2026-03-13 02:35:15.817	RRU11627100RW5T	S03815-5T	O-Ring B For Adapter	JIT 25-02
cmmo9uu5d000x8g9jvboi9knq	2026-02-25 00:00:00	30000	FEBRY	2026-03-13 02:22:44.956	2026-03-13 02:35:15.817	RRU17340200D5T	PF07330-5T	Drip Tray Rubber Foot	JIT 25-02
cmmo9veqp000z8g9jpv5nvbgf	2026-02-25 00:00:00	11130	FEBRY	2026-03-13 02:23:11.645	2026-03-13 02:35:15.817	RRU17339200DW5T-HT	PF08467-5T	Water Inlet Seal	JIT 25-02
cmmo9w8bi00118g9j43i9iooi	2026-02-25 00:00:00	370	FEBRY	2026-03-13 02:23:49.537	2026-03-13 02:35:15.817	RRU17339200DW5T	PF08467-5T	Water Inlet Seal	JIT 25-02
cmmo9x3dm00138g9jaeik8yhb	2026-02-25 00:00:00	4000	FEBRY	2026-03-13 02:24:30.229	2026-03-13 02:35:15.817	RRU15105800D5T	PF13028-5T	Power Surround Sealing	JIT 25-02
cmmo9xplw00158g9jndwhd0lm	2026-02-25 00:00:00	12000	FEBRY	2026-03-13 02:24:59.039	2026-03-13 02:35:15.817	RRU17340400D5T-HT	PF07038-5T	Baffle Outlet Tube	JIT 25-02
cmmo9zxvr00178g9jixonid71	2026-02-25 00:00:00	16608	FEBRY	2026-03-13 02:26:43.075	2026-03-13 02:35:15.817	RRU08066200R5T	PF04987-5T	Pump Mount Rubber	JIT 25-02
cmmoaczxi000b9lngkn6s8rwc	2026-02-26 00:00:00	500	FEBRY	2026-03-13 02:36:52.254	2026-03-13 02:36:52.254	RRU11626501RW5T	S02250-5T	O-RING HWT	JIT 02-03
cmmoadjp8000d9lngxy4f3744	2026-02-26 00:00:00	135000	FEBRY	2026-03-13 02:37:17.88	2026-03-13 02:37:17.88	RRU10566900RW5T-HT	PF08270-5T	Hose Connector O-RING	JIT 02-03
cmmoae4d4000f9lngqwbifbjk	2026-02-26 00:00:00	6000	FEBRY	2026-03-13 02:37:44.152	2026-03-13 02:37:44.152	RRU17339300DW5T	PF05017-5T	TANK VALVE GASKET	JIT 02-03
cmmoaent8000h9lngxbz6r8gt	2026-02-26 00:00:00	6000	FEBRY	2026-03-13 02:38:09.862	2026-03-13 02:38:09.862	RRU11627100RW5T	S03815-5T	O-Ring B For Adapter	JIT 02-03
cmmoaf9i2000j9lngqz98qnl2	2026-02-26 00:00:00	5618	FEBRY	2026-03-13 02:38:37.972	2026-03-13 02:38:37.972	RRU11627000RW5T	S03814-5T	O-Ring A For Adapter	JIT 02-03
cmmoag6m2000l9lngra89c2dn	2026-02-26 00:00:00	572	FEBRY	2026-03-13 02:39:20.884	2026-03-13 02:39:20.884	RRU14171400R5T	PF11917-5T	Water Pump Mount Rubber	JIT 02-03
cmmoagruh000n9lng42gkx1kp	2026-02-26 00:00:00	670	FEBRY	2026-03-13 02:39:48.403	2026-03-13 02:39:48.403	RRU17339800DW5T	PF05723-5T	Pump Seal	JIT 02-03
cmmoahmtl000p9lngywxht6b0	2026-02-26 00:00:00	5330	FEBRY	2026-03-13 02:40:28.547	2026-03-13 02:40:28.547	RRU17339800DW5T-HT	PF05723-5T	Pump Seal	JIT 02-03
cmmoai6e3000r9lngwo105ykc	2026-02-26 00:00:00	470	FEBRY	2026-03-13 02:40:53.909	2026-03-13 02:40:53.909	RRU14218000RW5T	PF11919-5T	Pump Inlet Tube	JIT 02-03
cmmoal6o1000t9lng130gtd1h	2026-02-26 00:00:00	6300	FEBRY	2026-03-13 02:43:13.801	2026-03-13 02:43:13.801	RRU17340600D5T	PF05028-5T	Cleaning Insert	JIT 02-03
cmmoaly9x000v9lng6w96te2s	2026-02-26 00:00:00	315	FEBRY	2026-03-13 02:43:50.016	2026-03-13 02:43:50.016	RRU17340400D5T	PF07038-5T	Baffle Outlet Tube	JIT 02-03
cmmoan0xl000x9lng4n0nmo9a	2026-02-26 00:00:00	6685	FEBRY	2026-03-13 02:44:40.116	2026-03-13 02:44:40.116	RRU17340400D5T-HT	PF07038-5T	Baffle Outlet Tube	JIT 02-03
cmmoaoeiy000z9lng2ilux74r	2026-02-26 00:00:00	598	FEBRY	2026-03-13 02:45:44.39	2026-03-13 02:45:44.39	RRU17339200DW5T-HT	PF08467-5T	Water Inlet Seal	JIT 02-03
cmmoap0od00119lngauqm6rlu	2026-02-26 00:00:00	4355	FEBRY	2026-03-13 02:46:13.097	2026-03-13 02:46:13.097	RRU17363400D5T	PF11923-5T	Control PCB Cover Seal	JIT 02-03
cmmoapjtk00139lng8tk2mkqw	2026-02-26 00:00:00	1302	FEBRY	2026-03-13 02:46:37.907	2026-03-13 02:46:37.907	RRU17363300D5T	PF08885-5T	Button Surround Sealing	JIT 02-03
cmmoaq9pd00159lngciexhce1	2026-02-27 00:00:00	382	FEBRY	2026-03-13 02:47:11.452	2026-03-13 02:47:11.452	RRU11627000RW5T	S03814-5T	O-Ring A For Adapter	JIT 02-03
cmmoar0bx00179lng1gvgp6lk	2026-02-27 00:00:00	5828	FEBRY	2026-03-13 02:47:45.96	2026-03-13 02:47:45.96	RRU14171400R5T	PF11917-5T	Water Pump Mount Rubber	JIT 02-03
cmmoarlv900199lng987kngvl	2026-02-27 00:00:00	3010	FEBRY	2026-03-13 02:48:13.873	2026-03-13 02:48:13.873	RRU14218000RW5T	PF11919-5T	Pump Inlet Tube	JIT 02-03
cmmoas8h1001b9lng2q41ppqv	2026-02-27 00:00:00	1645	FEBRY	2026-03-13 02:48:42.678	2026-03-13 02:48:42.678	RRU17363400D5T	PF11923-5T	Control PCB Cover Seal	JIT 02-03
cmmoasyls001d9lngfs06yb3p	2026-02-27 00:00:00	3698	FEBRY	2026-03-13 02:49:17.033	2026-03-13 02:49:17.033	RRU17363300D5T	PF08885-5T	Button Surround Sealing	JIT 02-03
cmmoatxxn001f9lngmbdjztex	2026-02-27 00:00:00	5402	FEBRY	2026-03-13 02:50:02.822	2026-03-13 02:50:02.822	RRU17339200DW5T-HT	PF08467-5T	Water Inlet Seal	JIT 02-03
cmmoauq73001h9lngijc6cdo7	2026-02-28 00:00:00	1200	FEBRY	2026-03-13 02:50:39.449	2026-03-13 02:50:39.449	RRU07175100R5T	PF04273-5T	Tube Cap B	JIT 02-03
cmmoavltt001j9lngvjdjlzse	2026-02-28 00:00:00	2016	FEBRY	2026-03-13 02:51:20.443	2026-03-13 02:51:20.443	RRU14218000RW5T	PF11919-5T	Pump Inlet Tube	JIT 02-03
cmmoi3gs400017qyyxfv5lrmz	2026-03-03 00:00:00	8634	FEBRY	2026-03-13 06:13:24.463	2026-03-13 06:13:24.463	RRU08068000RW5T-HT	PF05037-5T	Selector Base O-Ring	JIT 04-03
cmmoawkog001l9lngrzqoh8yt	2026-03-03 00:00:00	1628	FEBRY	2026-03-13 02:52:05.611	2026-03-13 02:54:38.282	RRU09366900R5T	PF06613-5T	RUBBER RING OIL RESISTANT	JIT 04-03
cmmob0d50001n9lngnr1o3ur2	2026-03-03 00:00:00	122	FEBRY	2026-03-13 02:55:02.463	2026-03-13 02:55:02.463	RRU15912900DW5T-HT	PF14576-5T	PM VENT GASKET	JIT 04-03
cmmob0v9j001p9lngga9rk8s2	2026-03-03 00:00:00	15000	FEBRY	2026-03-13 02:55:25.954	2026-03-13 02:55:25.954	RRU17249800DW5T	S08798-5T	Safety Valve Seal	JIT 04-03
cmmob1oie001r9lngltmhemy2	2026-03-03 00:00:00	15300	FEBRY	2026-03-13 02:56:03.856	2026-03-13 02:56:03.856	RRU14885000DW5T	PF13766-5T KCC	Safety Valve O-Ring	JIT 04-03
cmmob2c28001t9lngf8i1fnks	2026-03-03 00:00:00	14574	FEBRY	2026-03-13 02:56:34.379	2026-03-13 02:56:34.379	RRU11626501RW5T	S02250-5T	O-RING HWT	JIT 04-03
cmmob2xvj001v9lngztapgb46	2026-03-03 00:00:00	18000	FEBRY	2026-03-13 02:57:02.65	2026-03-13 02:57:02.65	RRU14886000DW5T	PF12012-5T	Gasket Entrance Needle	JIT 04-03
cmmob3l9w001x9lngy4x2nar5	2026-03-03 00:00:00	1108	FEBRY	2026-03-13 02:57:32.974	2026-03-13 02:57:32.974	RRU15913300D5T	PF14815-5T	Rubber Foot	JIT 04-03
cmmob4qjv001z9lng3ucmlk3x	2026-03-03 00:00:00	2980	FEBRY	2026-03-13 02:58:26.47	2026-03-13 02:58:26.47	RRU15346500DW5T-HT	PF04986-5T	Shower Gasket	JIT 04-03
cmmob57ko00219lngkvoxbndu	2026-03-03 00:00:00	10000	FEBRY	2026-03-13 02:58:48.531	2026-03-13 02:58:48.531	RRU17341500DW5T	PF08496-5T	Piston Silicone Rubber	JIT 04-03
cmmob5nts00239lng943kwwph	2026-03-03 00:00:00	3366	FEBRY	2026-03-13 02:59:09.595	2026-03-13 02:59:09.595	RRU08068000RW5T	PF05037-5T	Selector Base O-Ring	JIT 04-03
cmmoi4g2u00037qyyzgtp6ive	2026-03-03 00:00:00	19	FEBRY	2026-03-13 06:14:10.21	2026-03-13 06:14:10.21	RRU17341000D5T-HT	PF08867-5T	Steam Wand Handle	JIT 04-03
cmmoi4x5f00057qyyjo0cjxl7	2026-03-03 00:00:00	490	FEBRY	2026-03-13 06:14:32.334	2026-03-13 06:14:32.334	RRU17340900D5T	PF13849-5T	Cleaning Insert	JIT 04-03
cmmoi5lkr00077qyya39jyj9a	2026-03-03 00:00:00	3710	FEBRY	2026-03-13 06:15:03.99	2026-03-13 06:15:03.99	RRU17340900D5T-HT	PF13849-5T	Cleaning Insert	JIT 04-03
cmmoi62ir00097qyy46rcrj9c	2026-03-03 00:00:00	4000	FEBRY	2026-03-13 06:15:25.951	2026-03-13 06:15:25.951	RRU17339300DW5T	PF05017-5T	TANK VALVE GASKET	JIT 04-03
cmmoi7lw4000b7qyyh3zdwzka	2026-03-03 00:00:00	1658	FEBRY	2026-03-13 06:16:37.711	2026-03-13 06:16:37.711	RRU11627000RW5T	S03814-5T	O-Ring A For Adapter	JIT 04-03
cmmoi88yn000d7qyyord2ih6f	2026-03-03 00:00:00	4000	FEBRY	2026-03-13 06:17:07.611	2026-03-13 06:17:07.611	RRU11627100RW5T	S03815-5T	O-Ring B For Adapter	JIT 04-03
cmmoi8sj1000f7qyyg32cxbdz	2026-03-03 00:00:00	3000	FEBRY	2026-03-13 06:17:32.467	2026-03-13 06:17:32.467	RRU17340400D5T-HT	PF07038-5T	Baffle Outlet Tube	JIT 04-03
cmmoi9cw7000h7qyykh0g8ig7	2026-03-03 00:00:00	5000	FEBRY	2026-03-13 06:17:59.361	2026-03-13 06:17:59.361	RRU08065900RW5T	PF04990-5T	Safety Valve O-Ring	JIT 04-03
cmmoi9vi4000j7qyyqv6zgcvj	2026-03-03 00:00:00	4000	FEBRY	2026-03-13 06:18:23.478	2026-03-13 06:18:23.478	RRU17339600DW5T	PF05044-5T	PUMP INLET TUBE	JIT 04-03
cmmoiadwo000l7qyyunh127yg	2026-03-03 00:00:00	747	FEBRY	2026-03-13 06:18:47.331	2026-03-13 06:18:47.331	RRU08219500R5T	PF05625-5T	Pressure Gauge Seal	JIT 04-03
cmmoiaznq000n7qyycp0j9n54	2026-03-03 00:00:00	5000	FEBRY	2026-03-13 06:19:15.52	2026-03-13 06:19:15.52	RRU17342000D5T	A01996-5T	Button Sealing	JIT 04-03
cmmoibns3000p7qyydsrdfs0i	2026-03-03 00:00:00	4000	FEBRY	2026-03-13 06:19:46.781	2026-03-13 06:19:46.781	RRU15105600D5T	PF13017-5T	KNOB SEALING	JIT 04-03
cmmoiccvt000r7qyy6on13knc	2026-03-03 00:00:00	8000	FEBRY	2026-03-13 06:20:19.316	2026-03-13 06:20:19.316	RRU08068400RW5T-HT	PF04996-5T	O-Ring Steam Wand	JIT 04-03
cmmoid0yj000t7qyy0rcbw4mp	2026-03-03 00:00:00	94320	FEBRY	2026-03-13 06:20:50.514	2026-03-13 06:20:50.514	RRU10566900RW5T-HT	PF08270-5T	Hose Connector O-RING	JIT 04-03
cmmoie9mj000v7qyy05o9b7qf	2026-03-03 00:00:00	2000	FEBRY	2026-03-13 06:21:48.405	2026-03-13 06:21:48.405	RRU17339800DW5T-HT	PF05723-5T	Pump Seal	JIT 04-03
cmmoier3w000x7qyyh8aw08bp	2026-03-04 00:00:00	372	FEBRY	2026-03-13 06:22:11.062	2026-03-13 06:22:11.062	RRU09366900R5T	PF06613-5T	RUBBER RING OIL RESISTANT	JIT 04-03
cmmoifjxq000z7qyy9c08k52j	2026-03-04 00:00:00	100892	FEBRY	2026-03-13 06:22:47.891	2026-03-13 06:22:47.891	RRU15913300D5T	PF14815-5T	Rubber Foot	JIT 04-03
cmmoig0jy00117qyy3oreg977	2026-03-04 00:00:00	9253	FEBRY	2026-03-13 06:23:09.96	2026-03-13 06:23:09.96	RRU08219500R5T	PF05625-5T	Pressure Gauge Seal	JIT 04-03
cmmoiggze00137qyyljkbzae6	2026-03-04 00:00:00	2342	FEBRY	2026-03-13 06:23:31.251	2026-03-13 06:23:31.251	RRU11627000RW5T	S03814-5T	O-Ring A For Adapter	JIT 04-03
cmmoigwku00157qyybjdyr3jh	2026-03-04 00:00:00	20000	FEBRY	2026-03-13 06:23:51.463	2026-03-13 06:23:51.463	RRU15913100D5T-HT	PF14963-5T	Grommet Silicone	JIT 04-03
cmmoihfnu00177qyys6s7gr0t	2026-03-04 00:00:00	15878	FEBRY	2026-03-13 06:24:16.196	2026-03-13 06:24:16.196	RRU15912900DW5T-HT	PF14576-5T	PM VENT GASKET	JIT 04-03
cmmoiia9400197qyy4o7zbta2	2026-03-04 00:00:00	3926	FEBRY	2026-03-13 06:24:55.842	2026-03-13 06:24:55.842	RRU11626501RW5T	S02250-5T	O-RING HWT	JIT 04-03
cmmoijudv001b7qyydq3mxtb2	2026-03-04 00:00:00	520	FEBRY	2026-03-13 06:26:08.588	2026-03-13 06:26:08.588	RRU15346500DW5T-HT	PF04986-5T	Shower Gasket	JIT 04-03
cmmoikde4001d7qyy9r5r53ze	2026-03-04 00:00:00	90680	FEBRY	2026-03-13 06:26:33.222	2026-03-13 06:26:33.222	RRU10566900RW5T-HT	PF08270-5T	Hose Connector O-RING	JIT 04-03
cmmoikw55001f7qyygbnjqhmq	2026-03-04 00:00:00	16981	FEBRY	2026-03-13 06:26:57.522	2026-03-13 06:26:57.522	RRU17341000D5T-HT	PF08867-5T	Steam Wand Handle	JIT 04-03
cmmoilccs001h7qyysi4cjpqw	2026-03-04 00:00:00	3500	FEBRY	2026-03-13 06:27:18.534	2026-03-13 06:27:18.534	RRU17339200DW5T-HT	PF08467-5T	Water Inlet Seal	JIT 04-03
cmmoilpgu001j7qyyiuc4lfke	2026-03-04 00:00:00	3695	FEBRY	2026-03-13 06:27:35.527	2026-03-13 06:27:35.527	RRU08072500R5T	PF05020-5T	GRILL RUBBER GROMMETS	JIT 04-03
cmmoim3ag001l7qyy4csrbshu	2026-03-04 00:00:00	17000	FEBRY	2026-03-13 06:27:52.998	2026-03-13 06:27:52.998	RRU10186400RW5T	PF07907-5T	Hot Water Tube O-Ring	JIT 04-03
cmmoio1hz001p7qyy122540vg	2026-03-06 00:00:00	5000	FEBRY	2026-03-13 06:29:24.433	2026-03-13 06:29:24.433	RRU14885000DW5T	PF13766-5T KCC	Safety Valve O-Ring	JIT 09-03
cmmoioggz001r7qyyhw6j278z	2026-03-06 00:00:00	4000	FEBRY	2026-03-13 06:29:43.837	2026-03-13 06:29:43.837	RRU14886000DW5T	PF12012-5T	Gasket Entrance Needle	JIT 09-03
cmmoip07e001t7qyyo71xt35u	2026-03-06 00:00:00	2000	FEBRY	2026-03-13 06:30:09.412	2026-03-13 06:30:09.412	RRU15611100D5T	S09258-5T	DRY BOX SEAL SILICONE	JIT 09-03
cmmoiqeoa001v7qyy4d7pu829	2026-03-06 00:00:00	2000	FEBRY	2026-03-13 06:31:14.819	2026-03-13 06:31:14.819	RRU15612300DW5T	S09259-5T	INTERNAL CWT SEAL	JIT 09-03
cmmoir2iq001x7qyyyv8ckyyu	2026-03-06 00:00:00	2000	FEBRY	2026-03-13 06:31:45.724	2026-03-13 06:31:45.724	RRU15612400DW5T	S09262-5T	FUNNEL SEAL	JIT 09-03
cmmoirgol001z7qyywsxrn9pn	2026-03-06 00:00:00	6000	FEBRY	2026-03-13 06:32:04.079	2026-03-13 06:32:04.079	RRU15802600DW5T	PF03892-5T	FLOAT VALVE SEALING	JIT 09-03
cmmoiryn400217qyy0jmaozlc	2026-03-06 00:00:00	2000	FEBRY	2026-03-13 06:32:27.354	2026-03-13 06:32:27.354	RRU15713200DW5T	S03372-5T	WATER INLET VALVE CAP	JIT 09-03
cmmoise0r00237qyyzoh4qw2o	2026-03-06 00:00:00	3500	FEBRY	2026-03-13 06:32:47.285	2026-03-13 06:32:47.285	RRU15613100DW5T	S09260-5T	CWT COVER INNER SEAL	JIT  09-03
cmmoiszva00257qyyoa96zj57	2026-03-06 00:00:00	9000	FEBRY	2026-03-13 06:33:15.106	2026-03-13 06:33:15.106	RRU17452600D5T	36795-5T	COUPLING GEAR O-RING	JIT 09-03
cmmoitnb700277qyy8pqbfqzu	2026-03-06 00:00:00	37000	FEBRY	2026-03-13 06:33:45.981	2026-03-13 06:33:45.981	RRU17452700D5T	36804-5T (WHITE)	Rubber Foot	JIT 09-03
cmmoiu66900297qyy088jena1	2026-03-09 00:00:00	1000	FEBRY	2026-03-13 06:34:10.427	2026-03-13 06:34:10.427	RRU15613100DW5T	S09260-5T	CWT COVER INNER SEAL	JIT 09-03
cmmoiuspg002b7qyyerrteztm	2026-03-09 00:00:00	15000	FEBRY	2026-03-13 06:34:39.63	2026-03-13 06:34:39.63	RRU17249800DW5T	S08798-5T	Safety Valve Seal	JIT 11-03
cmmoivbei002d7qyyqpvbyzjv	2026-03-09 00:00:00	57288	FEBRY	2026-03-13 06:35:03.86	2026-03-13 06:35:03.86	RRU15913300D5T	PF14815-5T	Rubber Foot	JIT 11-03
cmmoiwtmp002f7qyy3g6exi9l	2026-03-09 00:00:00	2000	FEBRY	2026-03-13 06:36:14.139	2026-03-13 06:36:14.139	RRU17339800DW5T-HT	PF05723-5T	Pump Seal	JIT 11-03
cmmoixiyq002h7qyysg5dtqqa	2026-03-09 00:00:00	900	FEBRY	2026-03-13 06:36:46.972	2026-03-13 06:36:46.972	RRU17340900D5T-HT	PF13849-5T	Cleaning Insert	JIT 11-03
cmmoiy6nm002j7qyyvlrmd93g	2026-03-09 00:00:00	1000	FEBRY	2026-03-13 06:37:17.676	2026-03-13 06:37:17.676	RRU17340400D5T-HT	PF07038-5T	Baffle Outlet Tube	JIT 11-03
cmmoiyrsw002l7qyymw5lksr4	2026-03-10 00:00:00	1000	FEBRY	2026-03-13 06:37:45.08	2026-03-13 06:37:45.08	RRU15346500DW5T	PF04986-5T	Shower Gasket	JIT 11-03
\.


--
-- Data for Name: Product; Type: TABLE DATA; Schema: public; Owner: postgres
--

COPY public."Product" (id, "computerCode", "partNo", "productName", "productionType", location, "initialStock", "createdAt", "updatedAt") FROM stdin;
cmm9x541p0000yp6xa4mfac0h	RRU15913100D5T-HT	PF14963-5T	Grommet Silicone	HT	A	0	2026-03-03 01:18:02.941	2026-03-03 01:18:02.941
cmm9x5uwx0001yp6xgzizzc9z	RRU17340900D5T-HT	PF13849-5T	Cleaning Insert	HT	A	16800	2026-03-03 01:18:37.761	2026-03-03 01:18:37.761
cmm9xxqog0002yp6xlmbbhnhf	RRU11626501RW5T	S02250-5T	O-RING HWT	HT	A	14206	2026-03-03 01:40:18.641	2026-03-03 01:40:18.641
cmm9y4a2z0003yp6xp71tk6t2	RRU17341000D5T-HT	PF08867-5T	Steam Wand Handle	HT	A	462	2026-03-03 01:45:23.723	2026-03-03 01:45:23.723
cmm9y4nt60004yp6xikwzj4ej	RRU10566900RW5T-HT	PF08270-5T	Hose Connector O-RING	HT	A	121250	2026-03-03 01:45:41.515	2026-03-03 01:45:41.515
cmm9y51po0005yp6xan374ttv	RRU17339800DW5T-HT	PF05723-5T	Pump Seal	HT	A	2307	2026-03-03 01:45:59.532	2026-03-03 01:45:59.532
cmm9y5f6u0006yp6xane5erwh	RRU15912900DW5T-HT	PF14576-5T	PM VENT GASKET	HT	A	5891	2026-03-03 01:46:16.998	2026-03-03 01:46:16.998
cmm9y5re60007yp6xl7fkizl4	RRU16859201D5T	PF15620-5T	PM Damper	HT	A	13908	2026-03-03 01:46:32.814	2026-03-03 01:46:32.814
cmm9y67r20008yp6xyd02yorj	RRU15346500DW5T-HT	PF04986-5T	Shower Gasket	HT	A	10880	2026-03-03 01:46:54.014	2026-03-03 01:46:54.014
cmm9y6nhx0009yp6xyp6rbimd	RRU17340400D5T-HT	PF07038-5T	Baffle Outlet Tube	HT	A	860	2026-03-03 01:47:14.422	2026-03-03 01:47:14.422
cmm9y7h24000byp6xsko79cw1	RRU18838301D5T	PF17458-KCC-5T	Brake Rubber	HT	A	58975	2026-03-03 01:47:52.732	2026-03-03 01:47:52.732
cmm9y84q0000dyp6xxdq0riiv	RRU17450201D5T	D25797-5T	Upper Sealing Strip	HT	A	0	2026-03-03 01:48:23.4	2026-03-03 01:48:23.4
cmm9y8huw000eyp6xu9cakpv7	RRU17397001D5T	PF09461-5T	PLUG SILICONE	HT	A	548	2026-03-03 01:48:40.424	2026-03-03 01:48:40.424
cmm9y9l1b000hyp6xqi6f5cew	RRU16336200DW5T	PF15212-5T	SEAL PM VENT	HK	B	0	2026-03-03 01:49:31.199	2026-03-03 02:06:21.557
cmm9y996e000gyp6xbaxm9l6s	RRU15913300D5T	PF14815-5T	Rubber Foot	HK	B	41108	2026-03-03 01:49:15.83	2026-03-03 02:06:30.379
cmma11bp9000iyp6x2xw38wxk	RRU15913100D5T	PF14963-5T	Grommet Silicone	HK	B	0	2026-03-03 03:07:04.7	2026-03-03 03:07:04.7
cmma11rmp000jyp6x3u8baefx	RRU14886000DW5T	PF12012-5T	Gasket Entrance Needle	HK	B	63300	2026-03-03 03:07:25.345	2026-03-03 03:07:25.345
cmma122q0000kyp6xbuteoxal	RRU17340900D5T	PF13849-5T	Cleaning Insert	HK	B	490	2026-03-03 03:07:39.72	2026-03-03 03:07:39.72
cmma12sst000myp6x89gb4c3w	RRU16355100D5T	PF15211-5T	Brake Rubber	HK	B	2324	2026-03-03 03:08:13.518	2026-03-03 03:08:13.518
cmma138lo000nyp6xdfqm5s7a	RRU18838300D5T	PF17458-KCC-5T	Brake Rubber	HK	B	400	2026-03-03 03:08:33.996	2026-03-03 03:08:33.996
cmma13o20000oyp6x8od9q5wh	RRU15913200DW5T	PF14966-5T	NTC O-ring	HK	B	5088	2026-03-03 03:08:54.023	2026-03-03 03:08:54.023
cmma144c2000pyp6xkv5efr4a	RRU14885000DW5T	PF13766-5T KCC	Safety Valve O-Ring	HK	B	15110	2026-03-03 03:09:15.123	2026-03-03 03:09:15.123
cmma14mjh000qyp6xoymb1j2v	RRU17249800DW5T	S08798-5T	Safety Valve Seal	HK	B	102020	2026-03-03 03:09:38.717	2026-03-03 03:09:38.717
cmma152k7000ryp6xav9juukp	RRU14584000D5T	D22709-5T	Sealing Strip	HK	B	1500	2026-03-03 03:09:59.479	2026-03-03 03:09:59.479
cmma15ggv000syp6xj1ohelzp	RRU08068400RW5T	PF04996-5T	O-Ring Steam Wand	HK	B	2000	2026-03-03 03:10:17.503	2026-03-03 03:10:17.503
cmma15tvs000typ6xb0fy9o6k	RRU08068000RW5T	PF05037-5T	Selector Base O-Ring	HK	B	3366	2026-03-03 03:10:34.889	2026-03-03 03:10:34.889
cmma16wam000vyp6xg1xa8ww6	RRU10566900RW5T	PF08270-5T	Hose Connector O-RING	HK	B	0	2026-03-03 03:11:24.671	2026-03-03 03:11:24.671
cmma188mm000wyp6xqkn66sx8	RRU17339800DW5T	PF05723-5T	Pump Seal	HK	B	670	2026-03-03 03:12:27.31	2026-03-03 03:12:27.31
cmma18kjx000xyp6xf0okfls9	RRU14884800DW5T	PF13765-5T	Safety Valve Seal	HK	B	6558	2026-03-03 03:12:42.766	2026-03-03 03:12:42.766
cmma194ad000yyp6xi7l8550l	RRU15105600D5T	PF13017-5T	KNOB SEALING	HK	B	20738	2026-03-03 03:13:08.342	2026-03-03 03:13:08.342
cmma19ez3000zyp6xjg7ej98y	RRU08066200R5T	PF04987-5T	Pump Mount Rubber	HK	B	2282	2026-03-03 03:13:22.192	2026-03-03 03:13:22.192
cmma19qt60010yp6xzls0ekw9	RRU17339300DW5T	PF05017-5T	TANK VALVE GASKET	HK	B	28910	2026-03-03 03:13:37.531	2026-03-03 03:13:37.531
cmma1a3hv0011yp6x4mo6vrnm	RRU11627000RW5T	S03814-5T	O-Ring A For Adapter	HK	B	17618	2026-03-03 03:13:53.972	2026-03-03 03:13:53.972
cmma1ae2e0012yp6xap6v8atz	RRU11627100RW5T	S03815-5T	O-Ring B For Adapter	HK	B	12000	2026-03-03 03:14:07.671	2026-03-03 03:14:07.671
cmma1att20013yp6xx625466h	RRU17340200D5T	PF07330-5T	Drip Tray Rubber Foot	HK	B	43	2026-03-03 03:14:28.071	2026-03-03 03:14:28.071
cmma1b66v0014yp6xmmwdy992	RRU15105800D5T	PF13028-5T	Power Surround Sealing	HK	B	6927	2026-03-03 03:14:44.119	2026-03-03 03:14:44.119
cmma1bj340015yp6x07uydg30	RRU08065900RW5T	PF04990-5T	Safety Valve O-Ring	HK	B	2770	2026-03-03 03:15:00.833	2026-03-03 03:15:00.833
cmma1buth0016yp6xr90xvcmm	RRU17339600DW5T	PF05044-5T	PUMP INLET TUBE	HK	B	13633	2026-03-03 03:15:16.038	2026-03-03 03:15:16.038
cmma1c3op0017yp6xwqlekv64	RRU15912900DW5T	PF14576-5T	PM VENT GASKET	HK	B	3507	2026-03-03 03:15:27.529	2026-03-03 03:15:27.529
cmma1ck310018yp6xh55v2in8	RRU17341500DW5T	PF08496-5T	Piston Silicone Rubber	HK	B	17360	2026-03-03 03:15:48.781	2026-03-03 03:15:48.781
cmma1cuso0019yp6xbsfv3sp9	RRU17340400D5T	PF07038-5T	Baffle Outlet Tube	HK	B	315	2026-03-03 03:16:02.664	2026-03-03 03:16:02.664
cmma1d3m4001ayp6x604oftzr	RRU15802600DW5T	PF03892-5T	FLOAT VALVE SEALING	HK	B	14035	2026-03-03 03:16:14.092	2026-03-03 03:16:14.092
cmma1ddfi001byp6x5v3vkc6p	RRU03088800H5T	34276-5T	OIL RESISTANT RUBBER	HK	B	12133	2026-03-03 03:16:26.814	2026-03-03 03:16:26.814
cmma1dub8001cyp6xxtjhzanq	RRU16336400D5T	PF15213-5T	Cap Door Switch Silicone	HK	C	380	2026-03-03 03:16:48.692	2026-03-03 03:16:48.692
cmma1e6kr001dyp6x4xr0jtw7	RRU17363300D5T	PF08885-5T	Button Surround Sealing	HK	C	1302	2026-03-03 03:17:04.587	2026-03-03 03:17:04.587
cmma1efcj001eyp6x92ozm59b	RRU14904600D5T	S08787-5T	GASKET BUTTON	HK	C	1882	2026-03-03 03:17:15.956	2026-03-03 03:17:15.956
cmma1eve2001fyp6xmq6u1clv	RRU17340600D5T	PF05028-5T	Cleaning Insert	HK	C	6565	2026-03-03 03:17:36.746	2026-03-03 03:17:36.746
cmma1f7u4001gyp6xlaaa3lnm	RRU11626600RW5T	PF13764-5T	SEAL THERMISTOR	HK	C	4719	2026-03-03 03:17:52.877	2026-03-03 03:17:52.877
cmma1foxh001hyp6xb99ayzkt	RRU18406100DW5T	PF16989-5T	K-CUP Bolder O-Ring	HK	C	3115	2026-03-03 03:18:15.028	2026-03-03 03:18:15.028
cmma1fz4n001iyp6x9megs4f9	RRU18406800D5T	PF16996-5T	Inner Lid Grommet	HK	C	1165	2026-03-03 03:18:28.247	2026-03-03 03:18:28.247
cmma1g8h6001jyp6xnaeuf11w	RRU18619800DW5T	PF17288-5T	Pod Holder Sleeve O-Ring	HK	C	245	2026-03-03 03:18:40.363	2026-03-03 03:18:40.363
cmma1gi2r001kyp6x4k515kgb	RRU17397000D5T	PF09461-5T	PLUG SILICONE	HK	C	1362	2026-03-03 03:18:52.803	2026-03-03 03:18:52.803
cmma1grka001lyp6xfaum9bza	RRU08072500R5T	PF05020-5T	GRILL RUBBER GROMMETS	HK	C	1314	2026-03-03 03:19:05.098	2026-03-03 03:19:05.098
cmma1h4eg001myp6xsqfafiep	RRU17342000D5T	A01996-5T	Button Sealing	HK	C	6329	2026-03-03 03:19:21.736	2026-03-03 03:19:21.736
cmma1hea8001nyp6x6s8ib88c	RRU09506100R5T	PF06667-5T	Top Cover Pad Oil	HK	C	0	2026-03-03 03:19:34.544	2026-03-03 03:19:34.544
cmma1hssz001oyp6xshhkz5be	RRU17613900DW5T	PF03710-5T	HWT Cover Sealing	HK	C	263	2026-03-03 03:19:53.363	2026-03-03 03:19:53.363
cmma12dn6000lyp6xbzctun8c	RRU17339200DW5T	PF08467-5T	Water Inlet Seal	HK	B	370	2026-03-03 03:07:53.874	2026-03-13 06:53:16.217
cmma16dtl000uyp6x8e8mrlfl	RRU08068000RW5T-HT	PF05037-5T	Selector Base O-Ring	HT	A	28306	2026-03-03 03:11:00.729	2026-03-13 06:12:15.894
cmm9y7rxk000cyp6xyunocu82	RRU17339200DW5T-HT	PF08467-5T	Water Inlet Seal	HT	A	1780	2026-03-03 01:48:06.825	2026-03-13 06:53:31.282
cmma1i3x4001pyp6xqfdrulnl	RRU14171400R5T	PF11917-5T	Water Pump Mount Rubber	HK	C	612	2026-03-03 03:20:07.768	2026-03-03 03:20:07.768
cmma1iq4f001ryp6xammzzexk	RUC06674800RW5T	S03281-5T	PLUNGER FLOAT VALVE ASM	HK	C	1161	2026-03-03 03:20:36.543	2026-03-03 03:20:36.543
cmma1j8tp001syp6xwoylzgxr	RRU15713200DW5T	S03372-5T	WATER INLET VALVE CAP	HK	C	6118	2026-03-03 03:21:00.781	2026-03-03 03:21:00.781
cmma1jksw001typ6xxix157hz	RRU07241500R5T	S03891-5T	OIL RESISTANCE RUBBER	HK	C	1130	2026-03-03 03:21:16.304	2026-03-03 03:21:16.304
cmma1l8gn001uyp6x7wh6c2cr	HT-01	KR071516404-5T	SEAL RECOGNITION	HT	C	1120	2026-03-03 03:22:33.623	2026-03-03 03:22:33.623
cmma1lqud001vyp6xntb5sv3r	RRU15802500DW5T	S03412-5T	FAUCET CONNECTOR O-Ring	HK	C	0	2026-03-03 03:22:57.445	2026-03-03 03:22:57.445
cmma1m6wz001wyp6xfnnslfbv	RRU15612400DW5T	S09262-5T	FUNNEL SEAL	HK	C	3890	2026-03-03 03:23:18.276	2026-03-03 03:23:18.276
cmma1mtev001xyp6xrsgs96uh	RRU19474600D5T	ID 1.4 mm X OD 2.2mm L410 mm	Silicone Hollow Tube	HK	C	0	2026-03-03 03:23:47.431	2026-03-03 03:23:47.431
cmma1nw9a001yyp6xwxs36qtd	RRU19474500D5T	ID 1.4 mm X OD 2.2 mm L610 mm	Silicone Hollow Tube	HK	C	500	2026-03-03 03:24:37.774	2026-03-03 03:24:37.774
cmma1o8ih001zyp6xw4ky4j4a	RRU17452700D5T	36804-5T (WHITE)	Rubber Foot	HK	C	170	2026-03-03 03:24:53.657	2026-03-03 03:24:53.657
cmma1okwv0020yp6xxdrqlwja	RRU16703500D5T	D24895-5T	OIL RESISTANCE RUBBER	HK	C	0	2026-03-03 03:25:09.727	2026-03-03 03:25:09.727
cmma1oux70021yp6xfsrqzn8p	RRU16703600D5T	D24898-5T	OIL RESISTANCE RUBBER	HK	C	12	2026-03-03 03:25:22.7	2026-03-03 03:25:22.7
cmma1p70n0022yp6xwq7wyan6	RRU09366900R5T	PF06613-5T	RUBBER RING OIL RESISTANT	HK	C	1628	2026-03-03 03:25:38.375	2026-03-03 03:25:38.375
cmma1pote0023yp6x63p2whot	RRU08219500R5T	PF05625-5T	Pressure Gauge Seal	HK	C	747	2026-03-03 03:26:01.442	2026-03-03 03:26:01.442
cmma1q9d80024yp6xjdlyz3is	RRU15611100D5T	S09258-5T	DRY BOX SEAL SILICONE	HK	C	4643	2026-03-03 03:26:28.076	2026-03-03 03:26:28.076
cmma1qsvj0025yp6xdjn0ami4	RRU01475300R5T	21354-5T	Silicone Hollow Tube	HK	D	33390	2026-03-03 03:26:53.36	2026-03-03 03:26:53.36
cmma1r5o40026yp6xrzjkgu2m	RRU16859200D5T	PF15620-5T	PM Damper	HK	D	6975	2026-03-03 03:27:09.941	2026-03-03 03:27:09.941
cmma1rk9o0027yp6xohdluqtb	RRU18407500D5T	PF16993-5T	Lid Seal Ring	HK	D	35	2026-03-03 03:27:28.861	2026-03-03 03:27:28.861
cmma1ryf00028yp6xryfhctyc	RRU15105200D5T	PF12866-5T	LCD Lens Cover Sealing	HK	D	0	2026-03-03 03:27:47.196	2026-03-03 03:27:47.196
cmma1sap00029yp6x2tcc54kl	RRU17452600D5T	36795-5T	COUPLING GEAR O-RING	HK	D	2590	2026-03-03 03:28:03.109	2026-03-03 03:28:03.109
cmma1ss8l002ayp6xulc6wxqt	RRU05710300R5T	D06836-5T	COUPLING GEAR O-RING	HK	D	0	2026-03-03 03:28:25.845	2026-03-03 03:28:25.845
cmma1t0z1002byp6xg7ym2jmj	RRU17338100D5T	PF07055-5T	PANEL SEAL SILICONE	HK	D	282	2026-03-03 03:28:37.166	2026-03-03 03:28:37.166
cmma1tdwl002cyp6xgdfpoc17	RRU15346500DW5T	PF04986-5T	Shower Gasket	HK	D	5205	2026-03-03 03:28:53.926	2026-03-03 03:28:53.926
cmma1tyn3002dyp6xsrbdlb23	RRU17340100D5T	PF05672-5T	LED O-Ring	HK	D	5976	2026-03-03 03:29:20.799	2026-03-03 03:29:20.799
cmma1ua04002eyp6x6n90p7q6	RRU17363400D5T	PF11923-5T	Control PCB Cover Seal	HK	D	4355	2026-03-03 03:29:35.525	2026-03-03 03:29:35.525
cmma1uogc002fyp6xjxecer6e	RRU15613100DW5T	S09260-5T	CWT COVER INNER SEAL	HK	D	1000	2026-03-03 03:29:54.252	2026-03-03 03:29:54.252
cmma1v246002gyp6xsqdepv05	RRU15105400D5T	PF13023-5T	Connector Sealing Right	HK	D	3810	2026-03-03 03:30:11.958	2026-03-03 03:30:11.958
cmma1vesr002hyp6x6glebisd	RRU15107900D5T	PF13002-5T	Drip Plate Foot Rubber	HK	D	0	2026-03-03 03:30:28.396	2026-03-03 03:30:28.396
cmma1vxcb002iyp6x758ju4vk	RRU15105300D5T	PF13022-5T	Connector Sealing Left	HK	D	3790	2026-03-03 03:30:52.427	2026-03-03 03:30:52.427
cmma1wa9u002jyp6xxr2fr04h	RRU15105500D5T	PF12864-5T	Button Surround Sealing	HK	D	1982	2026-03-03 03:31:09.186	2026-03-03 03:31:09.186
cmma1wolj002kyp6x51abo2q2	RRU06097300H5T	D09108-5T	MOTOR PAD OIL RESISTANT	HK	D	1275	2026-03-03 03:31:27.752	2026-03-03 03:31:27.752
cmma1wzht002lyp6xx59r0g3a	RRU03009900D5T	33825-5T	BUTTON PAD OIL RESISTANCE	HK	D	2000	2026-03-03 03:31:41.871	2026-03-03 03:31:41.871
cmma1x89s002myp6xgy7zv5wq	RRU17396700D5T	PD25773-5T	Adapter Holder Rubber	HK	D	0	2026-03-03 03:31:53.248	2026-03-03 03:31:53.248
cmma1xhit002nyp6xh3d1bfuv	RRU15612300DW5T	S09259-5T	INTERNAL CWT SEAL	HK	E	936	2026-03-03 03:32:05.237	2026-03-03 03:32:05.237
cmma1xt4c002oyp6xi0abn0yk	RRU09193900R5T	PF06680-5T	RUBBER FOOT FRONT LEFT	HK	E	604	2026-03-03 03:32:20.268	2026-03-03 03:32:20.268
cmma1y3f1002pyp6x75l6xbpz	RRU09192200R5T	PF06681-5T	RUBBER FOOT BACK LEFT	HK	E	1043	2026-03-03 03:32:33.613	2026-03-03 03:32:33.613
cmma1ycd4002qyp6xe1xobk61	RRU09192300R5T	PF06682-5T	RUBBER FOOT BACK RIGHT	HK	E	2342	2026-03-03 03:32:45.208	2026-03-03 03:32:45.208
cmma1yli0002ryp6xr5bs3lxi	RRU09192100R5T	PF06683-5T	RUBBER FOOT FRONT RIGHT	HK	E	1264	2026-03-03 03:32:57.048	2026-03-03 03:32:57.048
cmma1yxdw002syp6x8wusya2o	RRU18815900D5T	36804-5T	Rubber Foot	HK	E	0	2026-03-03 03:33:12.452	2026-03-03 03:33:12.452
cmma1z9oa002typ6xhkljvmje	RRU10186400RW5T	PF07907-5T	Hot Water Tube O-Ring	HK	E	0	2026-03-03 03:33:28.379	2026-03-03 03:33:28.379
cmmn9fcbk0000nt49q8wpj6yd	RRU07175100R5T	PF04273-5T	Tube Cap B	HK	B	0	2026-03-12 09:22:55.904	2026-03-12 09:22:55.904
cmm9y8twk000fyp6xl1le52am	RRU08068400RW5T-HT	PF04996-5T	O-Ring Steam Wand	HT	A	27622	2026-03-03 01:48:56.037	2026-03-13 06:48:14.236
cmma1id75001qyp6xtwtnn7ky	RRU14218000RW5T	PF11919-5T	Pump Inlet Tube	HK	C	4470	2026-03-03 03:20:19.793	2026-03-13 06:50:16.339
\.


--
-- Data for Name: User; Type: TABLE DATA; Schema: public; Owner: postgres
--

COPY public."User" (id, username, password, "createdAt", "updatedAt", role) FROM stdin;
cml0m6z9j000010gflsk1r1vk	admin@htm.com	$2b$10$dJGYjU3055Nhn6pM5LdByOI0wYWrMWqqgID68xiCp9NvBbBeyOMLu	2026-01-30 08:21:56.359	2026-01-30 08:21:28.806	WAREHOUSE
cmm4ax62h000013jeugxtz2hf	deflashing@htm.com	$2b$10$7JHyiC1Bfz9IwmEDO1FS6.LiLfde2gQSobQZ5yjAic02QPdjbcfpK	2026-02-27 02:57:09.88	2026-02-27 02:57:09.88	DEFLASHING
\.


--
-- Data for Name: _prisma_migrations; Type: TABLE DATA; Schema: public; Owner: postgres
--

COPY public._prisma_migrations (id, checksum, finished_at, migration_name, logs, rolled_back_at, started_at, applied_steps_count) FROM stdin;
bda49026-b02d-429e-9828-b4e63f287718	5e016b170c82aab66b6587f13567d9af67fd67671e9318438163b1076ea791a9	2026-01-30 08:18:04.238259+00	20260130081801_qc_queue_flow	\N	\N	2026-01-30 08:18:02.999762+00	1
1bb6ca8a-296c-4369-a232-bb395de56faf	bd515ae4c3634b30e87ff20bcaa9369729eff018a602a4e1a75fb8719408069b	2026-01-30 09:41:26.18069+00	20260130094123_allow_multi_qc	\N	\N	2026-01-30 09:41:24.957525+00	1
23c8887f-5f14-4771-b282-ef59eb0fd18a	0a8b5d8bcaf4f62df14c3468b3187c7b11fed20354ea3f48afd14bbd7c206e09	2026-02-02 06:43:54.145413+00	20260202064351_add_remaining_and_incoming_relation	\N	\N	2026-02-02 06:43:52.918262+00	1
08ade5e1-686a-4f62-bf64-f5ef681a4326	eb43ca930e6c76a661d78a2ebcbd6d1f1b44c7fa6ca4446ef8868ab1e91e1e25	2026-02-02 09:10:02.998369+00	20260202091000_add_after_oqc_log	\N	\N	2026-02-02 09:10:01.788735+00	1
50df4196-8c14-4f10-8b35-bf18ef4be87b	16a74a9832e8bafb0797a9538131b2025b2599f4cbe883f14b629887078c2c3c	2026-02-02 10:04:27.424705+00	20260202100425_refactor_outgoing_flow	\N	\N	2026-02-02 10:04:26.216869+00	1
c8a027e5-59cd-41d3-bcdd-5ac7f564ddd5	960b046d0acd6601b2ba216ff3fd81f1ee31b5102c1f4467d341e29c351ddaa1	2026-02-09 04:28:42.839461+00	20260209042840_add_deflashing	\N	\N	2026-02-09 04:28:41.62058+00	1
\.


--
-- Name: AfterOQCLog AfterOQCLog_pkey; Type: CONSTRAINT; Schema: public; Owner: postgres
--

ALTER TABLE ONLY public."AfterOQCLog"
    ADD CONSTRAINT "AfterOQCLog_pkey" PRIMARY KEY (id);


--
-- Name: AfterOQCTransaction AfterOQCTransaction_pkey; Type: CONSTRAINT; Schema: public; Owner: postgres
--

ALTER TABLE ONLY public."AfterOQCTransaction"
    ADD CONSTRAINT "AfterOQCTransaction_pkey" PRIMARY KEY (id);


--
-- Name: DeflashingProcessLog DeflashingProcessLog_pkey; Type: CONSTRAINT; Schema: public; Owner: postgres
--

ALTER TABLE ONLY public."DeflashingProcessLog"
    ADD CONSTRAINT "DeflashingProcessLog_pkey" PRIMARY KEY (id);


--
-- Name: Deflashing Deflashing_pkey; Type: CONSTRAINT; Schema: public; Owner: postgres
--

ALTER TABLE ONLY public."Deflashing"
    ADD CONSTRAINT "Deflashing_pkey" PRIMARY KEY (id);


--
-- Name: IncomingTransaction IncomingTransaction_pkey; Type: CONSTRAINT; Schema: public; Owner: postgres
--

ALTER TABLE ONLY public."IncomingTransaction"
    ADD CONSTRAINT "IncomingTransaction_pkey" PRIMARY KEY (id);


--
-- Name: OutgoingTransaction OutgoingTransaction_pkey; Type: CONSTRAINT; Schema: public; Owner: postgres
--

ALTER TABLE ONLY public."OutgoingTransaction"
    ADD CONSTRAINT "OutgoingTransaction_pkey" PRIMARY KEY (id);


--
-- Name: Product Product_pkey; Type: CONSTRAINT; Schema: public; Owner: postgres
--

ALTER TABLE ONLY public."Product"
    ADD CONSTRAINT "Product_pkey" PRIMARY KEY (id);


--
-- Name: User User_pkey; Type: CONSTRAINT; Schema: public; Owner: postgres
--

ALTER TABLE ONLY public."User"
    ADD CONSTRAINT "User_pkey" PRIMARY KEY (id);


--
-- Name: _prisma_migrations _prisma_migrations_pkey; Type: CONSTRAINT; Schema: public; Owner: postgres
--

ALTER TABLE ONLY public._prisma_migrations
    ADD CONSTRAINT _prisma_migrations_pkey PRIMARY KEY (id);


--
-- Name: AfterOQCLog_afterOQCId_idx; Type: INDEX; Schema: public; Owner: postgres
--

CREATE INDEX "AfterOQCLog_afterOQCId_idx" ON public."AfterOQCLog" USING btree ("afterOQCId");


--
-- Name: AfterOQCTransaction_computerCode_idx; Type: INDEX; Schema: public; Owner: postgres
--

CREATE INDEX "AfterOQCTransaction_computerCode_idx" ON public."AfterOQCTransaction" USING btree ("computerCode");


--
-- Name: AfterOQCTransaction_status_idx; Type: INDEX; Schema: public; Owner: postgres
--

CREATE INDEX "AfterOQCTransaction_status_idx" ON public."AfterOQCTransaction" USING btree (status);


--
-- Name: DeflashingProcessLog_batchNo_idx; Type: INDEX; Schema: public; Owner: postgres
--

CREATE INDEX "DeflashingProcessLog_batchNo_idx" ON public."DeflashingProcessLog" USING btree ("batchNo");


--
-- Name: DeflashingProcessLog_deflashingId_idx; Type: INDEX; Schema: public; Owner: postgres
--

CREATE INDEX "DeflashingProcessLog_deflashingId_idx" ON public."DeflashingProcessLog" USING btree ("deflashingId");


--
-- Name: Deflashing_incomingId_idx; Type: INDEX; Schema: public; Owner: postgres
--

CREATE INDEX "Deflashing_incomingId_idx" ON public."Deflashing" USING btree ("incomingId");


--
-- Name: Deflashing_status_idx; Type: INDEX; Schema: public; Owner: postgres
--

CREATE INDEX "Deflashing_status_idx" ON public."Deflashing" USING btree (status);


--
-- Name: IncomingTransaction_computerCode_idx; Type: INDEX; Schema: public; Owner: postgres
--

CREATE INDEX "IncomingTransaction_computerCode_idx" ON public."IncomingTransaction" USING btree ("computerCode");


--
-- Name: IncomingTransaction_date_idx; Type: INDEX; Schema: public; Owner: postgres
--

CREATE INDEX "IncomingTransaction_date_idx" ON public."IncomingTransaction" USING btree (date);


--
-- Name: OutgoingTransaction_computerCode_idx; Type: INDEX; Schema: public; Owner: postgres
--

CREATE INDEX "OutgoingTransaction_computerCode_idx" ON public."OutgoingTransaction" USING btree ("computerCode");


--
-- Name: OutgoingTransaction_date_idx; Type: INDEX; Schema: public; Owner: postgres
--

CREATE INDEX "OutgoingTransaction_date_idx" ON public."OutgoingTransaction" USING btree (date);


--
-- Name: Product_computerCode_key; Type: INDEX; Schema: public; Owner: postgres
--

CREATE UNIQUE INDEX "Product_computerCode_key" ON public."Product" USING btree ("computerCode");


--
-- Name: User_username_key; Type: INDEX; Schema: public; Owner: postgres
--

CREATE UNIQUE INDEX "User_username_key" ON public."User" USING btree (username);


--
-- Name: AfterOQCLog AfterOQCLog_afterOQCId_fkey; Type: FK CONSTRAINT; Schema: public; Owner: postgres
--

ALTER TABLE ONLY public."AfterOQCLog"
    ADD CONSTRAINT "AfterOQCLog_afterOQCId_fkey" FOREIGN KEY ("afterOQCId") REFERENCES public."AfterOQCTransaction"(id) ON UPDATE CASCADE ON DELETE CASCADE;


--
-- Name: AfterOQCTransaction AfterOQCTransaction_computerCode_fkey; Type: FK CONSTRAINT; Schema: public; Owner: postgres
--

ALTER TABLE ONLY public."AfterOQCTransaction"
    ADD CONSTRAINT "AfterOQCTransaction_computerCode_fkey" FOREIGN KEY ("computerCode") REFERENCES public."Product"("computerCode") ON UPDATE CASCADE ON DELETE CASCADE;


--
-- Name: AfterOQCTransaction AfterOQCTransaction_incomingId_fkey; Type: FK CONSTRAINT; Schema: public; Owner: postgres
--

ALTER TABLE ONLY public."AfterOQCTransaction"
    ADD CONSTRAINT "AfterOQCTransaction_incomingId_fkey" FOREIGN KEY ("incomingId") REFERENCES public."IncomingTransaction"(id) ON UPDATE CASCADE ON DELETE CASCADE;


--
-- Name: DeflashingProcessLog DeflashingProcessLog_deflashingId_fkey; Type: FK CONSTRAINT; Schema: public; Owner: postgres
--

ALTER TABLE ONLY public."DeflashingProcessLog"
    ADD CONSTRAINT "DeflashingProcessLog_deflashingId_fkey" FOREIGN KEY ("deflashingId") REFERENCES public."Deflashing"(id) ON UPDATE CASCADE ON DELETE CASCADE;


--
-- Name: Deflashing Deflashing_incomingId_fkey; Type: FK CONSTRAINT; Schema: public; Owner: postgres
--

ALTER TABLE ONLY public."Deflashing"
    ADD CONSTRAINT "Deflashing_incomingId_fkey" FOREIGN KEY ("incomingId") REFERENCES public."IncomingTransaction"(id) ON UPDATE CASCADE ON DELETE CASCADE;


--
-- Name: IncomingTransaction IncomingTransaction_computerCode_fkey; Type: FK CONSTRAINT; Schema: public; Owner: postgres
--

ALTER TABLE ONLY public."IncomingTransaction"
    ADD CONSTRAINT "IncomingTransaction_computerCode_fkey" FOREIGN KEY ("computerCode") REFERENCES public."Product"("computerCode") ON UPDATE CASCADE ON DELETE CASCADE;


--
-- Name: OutgoingTransaction OutgoingTransaction_computerCode_fkey; Type: FK CONSTRAINT; Schema: public; Owner: postgres
--

ALTER TABLE ONLY public."OutgoingTransaction"
    ADD CONSTRAINT "OutgoingTransaction_computerCode_fkey" FOREIGN KEY ("computerCode") REFERENCES public."Product"("computerCode") ON UPDATE CASCADE ON DELETE CASCADE;


--
-- PostgreSQL database dump complete
--

